{"type": "FeatureCollection", "features": [{"type": "Feature", "id": "IND", "properties": {"name": "India", "sovereign": "Republic of India"}, "geometry": {"type": "Polygon", "coordinates": [[[70.8806915283206, 20.709583282470703], [70.91986083984392, 20.743471145630053], [70.87486267089861, 20.726804733276367], [70.8631973266601, 20.754861831665153], [70.8529129028322, 20.754028320312557], [70.87403106689482, 20.704862594604492], [70.82235717773466, 20.690969467163086], [70.8165283203125, 20.71903038024925], [70.80374908447266, 20.700695037842024], [70.53624725341825, 20.80402946472168], [70.18041992187517, 21.035694122314567], [69.77819824218756, 21.457914352416992], [69.7876358032226, 21.4515323638916], [69.79985809326172, 21.45208168029785], [69.80513763427763, 21.463750839233512], [69.77513885498053, 21.45985984802269], [69.71290588378923, 21.528470993041992], [69.76431274414074, 21.57875061035162], [69.73764038085966, 21.65041923522955], [69.7254180908206, 21.632360458374137], [69.67569732666033, 21.63875007629406], [69.71736145019537, 21.602640151977596], [69.69680786132841, 21.592920303344783], [69.69180297851568, 21.614311218261662], [69.63263702392578, 21.642919540405273], [69.6859741210937, 21.595693588256893], [69.7234725952149, 21.572370529175032], [69.71069335937506, 21.539306640625114], [69.6020812988283, 21.637361526489315], [69.58763885498053, 21.620969772338867], [69.1770782470706, 21.999570846557617], [68.95736694335932, 22.23765182495123], [68.93625640869158, 22.307640075683764], [68.9845809936524, 22.414304733276595], [69.06735992431646, 22.480140686035213], [69.08541870117188, 22.47236061096214], [69.04374694824247, 22.432638168335018], [69.06930541992216, 22.395694732666016], [69.19403076171903, 22.423749923706225], [69.2043075561524, 22.401809692382926], [69.17874908447271, 22.37792015075695], [69.15791320800787, 22.312915802001953], [69.23263549804705, 22.25791740417486], [69.31986236572271, 22.29124832153326], [69.33429718017595, 22.330419540405558], [69.41930389404325, 22.31569480896019], [69.48847198486334, 22.33791732788086], [69.52375030517584, 22.385694503784407], [69.49819183349615, 22.435693740844727], [69.55069732666044, 22.404861450195426], [69.5618057250976, 22.3556938171389], [69.59124755859375, 22.360969543457088], [69.57180786132818, 22.334304809570426], [69.57569122314482, 22.319030761718864], [69.58180236816435, 22.3462505340579], [69.60901641845709, 22.349309921264762], [69.61235809326166, 22.34041404724121], [69.60624694824213, 22.32708358764671], [69.60680389404325, 22.32569313049322], [69.61736297607439, 22.3462505340579], [69.61791992187517, 22.368473052978743], [69.65458679199224, 22.359029769897745], [69.6640167236331, 22.393751144409293], [69.69930267334013, 22.395969390869197], [69.69790649414068, 22.442920684814567], [69.67180633544933, 22.43930625915533], [69.67180633544933, 22.45070075988781], [69.70347595214872, 22.447080612182845], [69.72820281982428, 22.47375106811529], [69.74458312988298, 22.43069267272955], [69.75958251953153, 22.441530227661246], [69.79763793945318, 22.399858474731445], [69.82903289794916, 22.444860458374308], [69.7970809936524, 22.4570827484132], [69.83264160156278, 22.45097160339367], [69.83430480957037, 22.500694274902344], [69.83625030517607, 22.454029083252124], [69.87014007568365, 22.44652938842802], [69.9140243530274, 22.45624923706083], [69.93486022949247, 22.51263999938982], [69.95735931396513, 22.49541664123535], [69.94596862792986, 22.52847290039074], [69.9762496948245, 22.5431938171389], [70.02347564697271, 22.53958320617687], [70.0390167236331, 22.562919616699276], [70.16291809082037, 22.551530838012923], [70.24291992187494, 22.662639617920036], [70.25319671630888, 22.69292068481468], [70.23847198486334, 22.701810836792106], [70.25514221191406, 22.706531524658317], [70.252914428711, 22.733472824096793], [70.30319213867182, 22.757638931274414], [70.35373687744135, 22.870700836181697], [70.42346954345709, 22.93263816833496], [70.47152709960943, 23.01235961914074], [70.4934692382813, 23.07513999938965], [70.43791961669922, 23.06264114379877], [70.4012527465822, 23.030700683593693], [70.38680267333984, 22.948194503784237], [70.34764099121088, 22.93041610717802], [70.23764038085955, 22.97958564758312], [70.22708129882841, 22.965972900390682], [70.1979141235351, 22.998472213745117], [70.21985626220703, 22.956529617309684], [70.16179656982428, 22.942640304565657], [70.12319183349626, 22.960695266723746], [70.12902832031278, 22.99208450317377], [70.14347076416021, 23.009029388427848], [70.15264129638678, 23.02346992492687], [70.15402984619169, 23.028190612793082], [70.15319824218756, 23.029581069946403], [70.11235809326178, 22.97263908386242], [70.12652587890636, 22.94652748107916], [70.1109695434572, 22.952640533447266], [70.10124969482439, 22.941806793212947], [70.09541320800787, 22.95097351074213], [70.09097290039062, 22.952640533447266], [70.09986114501982, 22.93819236755371], [70.13903045654314, 22.941249847412337], [70.13208007812528, 22.924581527710075], [69.79846954345732, 22.850694656372013], [69.7523574829101, 22.819585800170955], [69.7051391601563, 22.72791671752924], [69.6623611450197, 22.756805419921818], [69.6668090820313, 22.777362823486328], [69.65930175781267, 22.756526947021428], [69.64319610595714, 22.765693664550838], [69.63874816894537, 22.77374839782715], [69.6373519897461, 22.78875160217285], [69.63375091552751, 22.795419692993164], [69.6345825195313, 22.777362823486328], [69.64125061035162, 22.766530990600586], [69.60069274902372, 22.75902748107916], [69.55513763427729, 22.792360305786133], [69.46958160400396, 22.77374839782715], [69.355697631836, 22.82875251770014], [69.19069671630876, 22.84124946594244], [68.81458282470709, 23.067361831664982], [68.75930786132818, 23.08041763305664], [68.58513641357428, 23.221820831299055], [68.5990295410158, 23.240417480468977], [68.6012496948245, 23.218469619750977], [68.63069152832048, 23.21319389343256], [68.60375213623041, 23.24292945861839], [68.6718063354495, 23.269872665405273], [68.65625000000017, 23.27208137512207], [68.6406860351563, 23.266529083252067], [68.63014221191412, 23.29569435119646], [68.72513580322271, 23.29569435119646], [68.74819183349626, 23.30402946472168], [68.75818634033214, 23.33041954040533], [68.72402954101568, 23.297082901000977], [68.7084732055664, 23.314861297607422], [68.6587524414063, 23.303470611572322], [68.66874694824247, 23.32542037963873], [68.6587524414063, 23.322921752929858], [68.6587524414063, 23.308748245239485], [68.65235900878935, 23.30291748046875], [68.63680267334001, 23.346807479858626], [68.60597229003912, 23.380973815918196], [68.60236358642607, 23.359306335449332], [68.58097076416021, 23.389860153198242], [68.55847167968756, 23.387069702148665], [68.56041717529325, 23.419309616088924], [68.53569793701189, 23.421249389648494], [68.5409698486331, 23.42568969726574], [68.51625061035173, 23.47513961791998], [68.52319335937506, 23.44652938842779], [68.50235748291021, 23.465419769287166], [68.51875305175787, 23.489589691162337], [68.49180603027361, 23.5009708404541], [68.49903106689447, 23.515140533447266], [68.48902893066412, 23.63541984558134], [68.50069427490246, 23.657083511352653], [68.52319335937506, 23.651250839233683], [68.53901672363287, 23.662361145019815], [68.52014160156256, 23.65458297729515], [68.5248641967774, 23.690696716308594], [68.63263702392584, 23.757917404174748], [68.66625213623058, 23.808471679687784], [68.6873626708985, 23.821809768676985], [68.71847534179693, 23.82597160339384], [68.74263763427751, 23.837080001830998], [68.72208404541021, 23.831806182861385], [68.76125335693388, 23.875419616699503], [68.6373596191408, 23.835969924926815], [68.60375213623041, 23.850139617920206], [68.52902984619158, 23.755420684814624], [68.51541900634794, 23.785419464111555], [68.51790618896513, 23.795419692993335], [68.53098297119146, 23.800140380859546], [68.53514099121111, 23.806249618530273], [68.53736114501982, 23.815139770508097], [68.52597045898455, 23.802078247070312], [68.51513671875006, 23.824861526489485], [68.57291412353516, 23.880971908569506], [68.6384658813476, 23.894861221313704], [68.6631927490235, 23.91736030578636], [68.62097167968767, 23.906250000000227], [68.59597015380876, 23.941804885864485], [68.56153106689459, 23.92347145080589], [68.55902862548834, 23.932083129882926], [68.53736114501982, 23.947360992431868], [68.54680633544928, 23.963193893432617], [68.74924468994169, 23.96204566955572], [68.76412200927763, 24.28412246704096], [68.82635498046892, 24.3083953857423], [68.84772491455095, 24.208379745483455], [68.8784484863283, 24.19693946838379], [68.94724273681669, 24.276626586914062], [69.00053405761736, 24.22587966918951], [69.09292602539074, 24.269083023071516], [69.19976806640653, 24.235198974609318], [69.31027221679705, 24.27668762207054], [69.50116729736328, 24.255020141601506], [69.60067749023466, 24.27784729003912], [69.72457885742193, 24.175096511840877], [69.97868347167974, 24.16505050659208], [70.05930328369158, 24.192802429199503], [70.11904144287115, 24.29069900512718], [70.56012725830078, 24.41859436035179], [70.61186981201172, 24.400539398193587], [70.57206726074224, 24.344549179077205], [70.5742492675783, 24.2523326873781], [70.72582244873075, 24.220865249633846], [70.80576324462919, 24.22272682189964], [70.89410400390625, 24.257097244262752], [70.88513946533203, 24.290750503539982], [70.9597473144533, 24.346240997314737], [71.04718780517584, 24.34733963012701], [71.12502288818388, 24.39293289184593], [71.118949890137, 24.431049346923828], [71.00756835937528, 24.442241668701115], [71.01534271240246, 24.522769927978516], [70.99826812744158, 24.541339874267635], [71.02047729492193, 24.630510330200195], [71.10713958740229, 24.68065071105957], [70.94548797607428, 24.934541702270508], [70.89430999755876, 25.144058227539062], [70.67417144775385, 25.3893203735351], [70.68786621093778, 25.517349243164062], [70.66596221923857, 25.69722938537592], [70.6170501708985, 25.70663070678711], [70.39965820312511, 25.6637992858889], [70.27961730957037, 25.701259613037223], [70.09607696533203, 25.944316864013672], [70.08257293701189, 26.0738582611084], [70.1726684570313, 26.245077133178825], [70.1838989257813, 26.48683357238781], [70.16773986816435, 26.550743103027344], [70.06619262695318, 26.599290847778377], [69.81536102294922, 26.592157363891545], [69.50765228271484, 26.74845123291027], [69.48373413085943, 26.806230545044002], [69.51320648193376, 27.016868591308537], [69.578125, 27.165489196777344], [70.01626586914068, 27.55599594116211], [70.15695190429705, 27.83404922485363], [70.36616516113298, 28.00824928283697], [70.48375701904303, 28.034011840820426], [70.5626296997072, 28.019802093505973], [70.67210388183611, 27.91431808471691], [70.67841339111345, 27.839052200317383], [70.75766754150402, 27.7172088623048], [70.8841705322265, 27.69840049743658], [71.27295684814453, 27.84192848205572], [71.6582870483399, 27.868930816650504], [71.89737701416016, 27.957420349121094], [71.9332580566408, 28.126859664917106], [71.99588012695318, 28.20695686340332], [72.1844253540039, 28.358005523681925], [72.30195617675798, 28.66481590270996], [72.38469696044922, 28.763940811157283], [72.71129608154303, 28.935029983520565], [72.94171905517584, 29.027200698852596], [73.27131652832037, 29.55696105957037], [73.39137268066435, 29.93787002563488], [73.78721618652361, 30.0664005279541], [73.95796203613287, 30.18574714660656], [73.95784759521513, 30.26169013977062], [73.87125396728544, 30.368572235107422], [73.92785644531256, 30.420913696289006], [73.935287475586, 30.462957382202205], [73.9626770019533, 30.457607269287223], [74.03401184082048, 30.53626060485834], [74.07761383056669, 30.529361724853516], [74.09099578857416, 30.612791061401367], [74.15093231201189, 30.632621765136832], [74.2321548461914, 30.71962165832531], [74.28180694580084, 30.73023414611822], [74.26220703125006, 30.768030166626033], [74.297378540039, 30.782730102539176], [74.28575897216797, 30.799591064453125], [74.316146850586, 30.847581863403434], [74.36300659179688, 30.845806121826172], [74.36552429199236, 30.885406494140796], [74.5381164550783, 30.99354171752941], [74.55839538574224, 31.06752586364746], [74.6001815795899, 31.0435466766358], [74.68319702148466, 31.072179794311637], [74.6765518188476, 31.131040573120117], [74.59500885009771, 31.134950637817383], [74.59648895263689, 31.090940475463867], [74.56581878662115, 31.084341049194563], [74.50459289550787, 31.13850975036644], [74.51111602783209, 31.272331237793082], [74.55187225341814, 31.298454284668082], [74.64206695556658, 31.459960937500227], [74.62645721435547, 31.486690521240234], [74.56620025634771, 31.50083923339872], [74.60385131835966, 31.53411102294922], [74.60090637207037, 31.5678386688233], [74.51728057861357, 31.72291183471691], [74.51804351806669, 31.745201110839844], [74.55179595947294, 31.753219604492188], [74.55574035644537, 31.827669143676758], [74.59910583496122, 31.88511085510254], [74.7032623291015, 31.92489814758312], [74.70919799804705, 31.957948684692383], [74.73591613769548, 31.937389373779297], [74.80914306640642, 31.955139160156364], [74.86225128173834, 32.04510879516613], [74.91426086425798, 32.06521987915045], [75.00492858886724, 32.028755187988395], [75.11625671386736, 32.08280944824219], [75.16445159912104, 32.067970275878906], [75.19532012939482, 32.11664962768549], [75.23342895507818, 32.08436203002941], [75.31423187255876, 32.15918731689476], [75.3332824707033, 32.2047195434572], [75.31420135498047, 32.214908599853516], [75.35927581787115, 32.22703933715832], [75.366996765137, 32.268749237060604], [75.33042144775408, 32.33171081542969], [75.18852996826189, 32.424480438232536], [75.12792968750006, 32.42116928100609], [75.08262634277338, 32.480045318603686], [75.03016662597685, 32.49176025390625], [74.97310638427763, 32.447929382324276], [74.83532714843756, 32.49621200561518], [74.74698638916033, 32.47915267944359], [74.68673706054693, 32.49306869506859], [74.64221191406278, 32.61104965209961], [74.67620849609392, 32.65800094604509], [74.65013885498053, 32.7184104919433], [74.69702148437517, 32.839714050293026], [74.64199829101591, 32.822898864746094], [74.61423492431658, 32.75773239135742], [74.53153228759771, 32.74073028564476], [74.46605682373053, 32.781360626220646], [74.4138946533206, 32.90394973754894], [74.31803131103533, 32.91970062255871], [74.34983062744135, 33.016250610351506], [74.20524597167963, 33.04330062866211], [74.17624664306669, 33.10715103149414], [74.11170196533209, 33.164440155029354], [74.01427459716808, 33.19824981689453], [74.02030181884766, 33.258781433105696], [74.1029815673831, 33.270542144775504], [74.17074584960938, 33.346649169922046], [74.18707275390636, 33.45552062988281], [74.09571075439464, 33.570396423339844], [74.02844238281244, 33.57468032836914], [73.95625305175787, 33.72029113769531], [74.06572723388678, 33.82009887695335], [74.21967315673834, 33.86717605590832], [74.26112365722685, 33.924797058105526], [74.26274108886724, 33.97428894042997], [74.22556304931646, 34.033401489257926], [74.12369537353521, 34.05517959594749], [74.00607299804699, 34.022441864013786], [73.89817047119135, 34.03282165527355], [73.88565063476568, 34.075119018554915], [73.97657775878906, 34.211803436279354], [73.9762268066408, 34.264808654785156], [73.89940643310553, 34.359813690185604], [73.84175109863298, 34.33832168579096], [73.7733917236331, 34.34975051879911], [73.76432037353533, 34.371070861816406], [73.77698516845709, 34.416301727295036], [73.8987426757812, 34.49576950073248], [73.89533996582048, 34.54666900634777], [73.94806671142584, 34.573089599609375], [73.92733001709013, 34.645889282226506], [73.96022033691406, 34.69668197631847], [74.14179229736345, 34.691200256347884], [74.30729675292963, 34.8003044128418], [74.58017730712902, 34.77009963989269], [74.67130279541021, 34.70069885253912], [74.72807312011719, 34.68858337402355], [74.9105072021485, 34.68320846557617], [75.01874542236328, 34.641498565674055], [75.14229583740263, 34.662410736083984], [75.24971008300776, 34.647312164306584], [75.26185607910162, 34.610881805419865], [75.39497375488287, 34.5488090515139], [75.74920654296903, 34.515830993652344], [76.03646087646513, 34.67026901245117], [76.15791320800787, 34.64340972900385], [76.47434234619146, 34.79437255859398], [76.56181335449236, 34.758338928222884], [76.68181610107422, 34.75959014892578], [76.74324035644537, 34.84009933471691], [76.74936676025396, 34.92660140991228], [76.87004089355486, 34.972431182861555], [76.99748992919928, 34.939151763916016], [77.01809692382818, 35.03846359252941], [77.06836700439447, 35.024120330810774], [77.15682220458996, 35.05469894409191], [77.65056610107428, 35.36708068847656], [77.82392883300798, 35.50133132934593], [77.8467788696289, 35.50078201293951], [77.90296936035168, 35.42758941650396], [77.96172332763683, 35.48006057739252], [78.103988647461, 35.48445892334007], [78.09732818603527, 35.45563888549816], [77.9970703125, 35.3940887451173], [77.99185180664074, 35.3485488891601], [78.04276275634771, 35.20233154296881], [78.12417602539068, 35.135421752929915], [78.08287048339872, 35.082489013671875], [78.24803161621122, 34.69509887695307], [78.30033874511719, 34.66193008422857], [78.39836120605463, 34.64863204956083], [78.42511749267595, 34.60346221923851], [78.56933593750006, 34.611949920654524], [78.82495117187506, 34.414131164550895], [78.92254638671892, 34.37538909912121], [78.99005126953142, 34.317829132080305], [78.9750061035158, 34.24285888671869], [78.94211578369169, 34.20479202270536], [78.70638275146513, 34.072181701660156], [78.7703628540039, 34.01972961425781], [78.71578979492205, 33.96453094482433], [78.71156311035156, 33.92250061035162], [78.783988952637, 33.77043151855469], [78.70929718017595, 33.6796112060548], [78.72992706298828, 33.61756896972662], [78.82325744628912, 33.48348999023449], [79.06659698486334, 33.29589080810547], [79.07496643066406, 33.228610992431925], [79.18546295166021, 33.19123077392584], [79.40983581542963, 33.17877197265625], [79.35247039794939, 32.979030609130916], [79.44857788085955, 32.88922882080078], [79.47122955322294, 32.80282211303734], [79.53334045410162, 32.75986099243164], [79.56429290771513, 32.670761108398494], [79.54535675048834, 32.60736083984392], [79.44801330566423, 32.58607864379883], [79.31221771240251, 32.48709106445324], [79.25840759277344, 32.52338027954107], [79.20295715332037, 32.510829925537166], [79.1265258789063, 32.46430969238298], [79.10446929931635, 32.371711730957145], [79.0492172241211, 32.383369445801065], [78.97720336914091, 32.34276962280296], [78.78118133544922, 32.475299835205135], [78.76371002197271, 32.567810058594034], [78.78032684326178, 32.59832000732433], [78.74592590332048, 32.696079254150675], [78.65442657470709, 32.649230957031364], [78.62567138671886, 32.607051849365234], [78.54492950439459, 32.61230850219738], [78.41223907470714, 32.556060791015625], [78.41075897216791, 32.51174163818371], [78.44872283935541, 32.49013900756836], [78.43811035156256, 32.45639038085949], [78.51876068115251, 32.41849899292015], [78.4640731811524, 32.352230072021484], [78.46615600585943, 32.28401947021479], [78.43920898437517, 32.2464599609375], [78.53942108154303, 32.24998092651367], [78.5929107666015, 32.218669891357706], [78.57431030273443, 32.15861892700195], [78.59733581542986, 32.12203216552746], [78.64787292480486, 32.10713195800787], [78.73140716552734, 32.007648468017805], [78.77102661132841, 31.999811172485465], [78.69135284423828, 31.79335021972679], [78.72466278076183, 31.76386070251465], [78.71134185791044, 31.741262435913143], [78.73439788818388, 31.69198036193859], [78.77964782714838, 31.68984031677246], [78.83109283447277, 31.61526107788086], [78.72126007080107, 31.540950775146598], [78.71658325195318, 31.484882354736442], [78.74893188476557, 31.490619659423942], [78.79547882080072, 31.452762603759766], [78.77643585205095, 31.401229858398494], [78.82721710205084, 31.381280899047965], [78.82901000976591, 31.33020019531267], [78.90891265869152, 31.258859634399357], [78.92537689208984, 31.331760406494254], [78.98967742919939, 31.361839294433594], [79.0478591918947, 31.470382690429688], [79.1288604736331, 31.438730239868107], [79.24809265136713, 31.296619415283317], [79.23388671875006, 31.254039764404354], [79.27281951904303, 31.23073959350586], [79.29962158203142, 31.149240493774585], [79.38185119628923, 31.118350982666016], [79.4130859375, 31.037551879882926], [79.50125885009766, 31.03914070129389], [79.53112030029325, 30.974100112914982], [79.58724212646501, 30.943090438842887], [79.74214935302751, 31.00679016113287], [79.85492706298834, 30.978910446167106], [79.91504669189482, 30.892219543456974], [80.04411315917974, 30.843999862670955], [80.10314941406244, 30.779670715332315], [80.1572723388673, 30.81275177001953], [80.19045257568371, 30.763811111450423], [80.22383880615246, 30.76409912109392], [80.23729705810564, 30.737699508666992], [80.21977233886724, 30.69725036621105], [80.18049621582037, 30.66986083984375], [80.20896148681652, 30.645082473754826], [80.21573638916033, 30.579040527343693], [80.40055084228533, 30.53116989135765], [80.52648925781256, 30.45430946350109], [80.58419036865229, 30.487222671509016], [80.73748779296903, 30.39813995361351], [80.81128692626959, 30.31998062133789], [81.0196075439456, 30.25295257568382], [81.01887512207026, 30.23683738708496], [80.91191864013689, 30.223215103149414], [80.86457061767572, 30.168895721435547], [80.87921905517607, 30.128515243530273], [80.76293182373064, 30.049491882324276], [80.7493972778322, 30.00662994384777], [80.6779174804688, 29.958114624023665], [80.60533905029325, 29.95871734619169], [80.55451202392584, 29.84923744201683], [80.49721527099604, 29.797414779663086], [80.43771362304688, 29.8057155609132], [80.36972045898443, 29.750616073608512], [80.38601684570307, 29.675014495849723], [80.42192077636736, 29.639114379882983], [80.40949249267595, 29.594919204711914], [80.34435272216803, 29.552864074707315], [80.3513259887697, 29.51894569396984], [80.2884368896485, 29.47722053527849], [80.30422210693376, 29.453079223633097], [80.24481964111357, 29.444505691528548], [80.2433471679687, 29.411586761474894], [80.31813812255876, 29.315639495849666], [80.2990036010745, 29.205030441284407], [80.24991607666021, 29.220615386962947], [80.27340698242193, 29.14202308654791], [80.23501586914062, 29.11841583251953], [80.186019897461, 29.137315750122013], [80.14602661132841, 29.103000640869254], [80.13732147216814, 29.007310867309798], [80.0601425170899, 28.916316986084155], [80.07671356201178, 28.824382781982592], [80.11980438232439, 28.828729629516772], [80.21772766113293, 28.755283355713004], [80.25228881835966, 28.757822036743164], [80.36091613769537, 28.637014389038143], [80.45281982421892, 28.628814697265625], [80.47025299072271, 28.582916259765852], [80.51934051513666, 28.551723480224837], [80.53199005126953, 28.573425292968864], [80.50518798828153, 28.665225982666072], [80.57041931152372, 28.6878032684329], [80.59204101562517, 28.679725646972656], [80.59145355224626, 28.647624969482422], [80.66934204101568, 28.64182090759283], [80.69192504882841, 28.58702850341797], [80.76963043212908, 28.565517425537223], [80.79075622558588, 28.524259567260742], [80.86728668212908, 28.4894390106204], [80.8776245117188, 28.50971794128435], [80.91030883789091, 28.49753952026373], [80.91738891601591, 28.457523345947322], [80.98151397705095, 28.455162048339957], [80.96659851074247, 28.444599151611612], [80.9808883666995, 28.434310913085994], [81.01917266845709, 28.45155906677246], [81.03411865234403, 28.39871597290039], [81.21241760253935, 28.360515594482592], [81.23453521728527, 28.28888511657732], [81.32241058349615, 28.19716835022001], [81.32302093505865, 28.168712615966854], [81.30384063720703, 28.16692924499523], [81.32972717285185, 28.148206710815714], [81.3197860717774, 28.13341903686546], [81.37311553955095, 28.142215728759993], [81.37693786621111, 28.1768932342531], [81.44570922851591, 28.162139892578352], [81.48581695556658, 28.118131637573185], [81.48022460937528, 28.08251571655296], [81.6259155273438, 28.001451492309684], [81.7040023803711, 27.98652076721214], [81.88684844970714, 27.857158660888615], [81.92801666259771, 27.85964584350603], [81.97011566162126, 27.92881584167486], [82.06971740722662, 27.923416137695597], [82.12522125244146, 27.864839553833235], [82.21020507812494, 27.842990875244425], [82.45071411132807, 27.678615570068473], [82.7099151611331, 27.721698760986442], [82.71375274658203, 27.664936065673828], [82.75788116455084, 27.58661460876465], [82.73700714111322, 27.503101348877237], [82.93161773681658, 27.50086593627924], [82.95622253417986, 27.467807769775675], [83.03611755371111, 27.448715209961108], [83.1902160644533, 27.454015731811523], [83.31960296630865, 27.329988479614485], [83.36121368408209, 27.343015670776367], [83.41168975830095, 27.412506103515796], [83.38683319091825, 27.43512535095232], [83.4039840698245, 27.457492828369197], [83.3909301757813, 27.47949028015165], [83.61673736572283, 27.46942329406761], [83.86479187011747, 27.346393585205078], [83.9084091186524, 27.384296417236442], [83.87523651123053, 27.391912460327376], [83.87024688720709, 27.428506851196573], [83.93321990966803, 27.449415206909123], [84.02941894531278, 27.433629989624194], [84.09754943847673, 27.4894313812257], [84.09979248046903, 27.51677322387718], [84.14801025390636, 27.518636703491325], [84.15099334716797, 27.485704421997184], [84.20791625976591, 27.46941566467308], [84.21063995361328, 27.442333221435547], [84.25624847412126, 27.451900482177734], [84.29341125488276, 27.3850421905517], [84.62201690673857, 27.338207244873047], [84.69306182861328, 27.214801788330078], [84.6764221191408, 27.09548377990751], [84.64485168457037, 27.04719734191923], [84.79572296142584, 26.995569229126147], [84.83188629150408, 27.019304275512923], [84.89364624023432, 26.969594955444563], [84.96448516845709, 26.960275650024357], [84.96982574462896, 26.916032791137866], [85.06241607666044, 26.88670539855957], [85.02444458007841, 26.855432510375977], [85.19770812988298, 26.86659431457531], [85.17911529541021, 26.811914443969727], [85.21614837646513, 26.757923126220817], [85.33631896972685, 26.74141502380388], [85.40963745117205, 26.791137695312727], [85.45563507080084, 26.78189277648937], [85.57765197753923, 26.860731124877987], [85.58751678466825, 26.84696006774925], [85.63668823242193, 26.871902465820426], [85.73671722412126, 26.795616149902287], [85.73461914062517, 26.654315948486385], [85.81982421875028, 26.602523803710994], [85.85331726074224, 26.609516143798942], [85.85211944580095, 26.56841468811058], [85.95034027099626, 26.613220214844034], [85.96252441406244, 26.651081085205362], [86.03073883056646, 26.666421890259016], [86.21961212158232, 26.588109970092773], [86.25457000732439, 26.6167831420899], [86.33003997802763, 26.61915397644043], [86.54421997070341, 26.538114547729492], [86.57277679443365, 26.496894836425895], [86.73352050781267, 26.42204475402832], [86.76770019531256, 26.458457946777344], [86.8358001708985, 26.43869781494169], [86.89641571044939, 26.461715698242415], [86.89411163330095, 26.485786437988338], [86.93222808837885, 26.489316940307617], [86.93509674072266, 26.516492843628043], [87.01771545410173, 26.531814575195426], [87.04730987548834, 26.58695602417015], [87.07427978515653, 26.58546638488764], [87.09391784667997, 26.450016021728743], [87.16501617431646, 26.403816223144645], [87.25870513916027, 26.410860061645735], [87.26838684082037, 26.37361145019537], [87.34341430664091, 26.347515106201172], [87.37129211425776, 26.40775489807129], [87.46909332275419, 26.44006538391119], [87.60841369628923, 26.380601882934684], [87.65438842773455, 26.39321327209467], [87.68023681640653, 26.435094833374194], [87.7688598632813, 26.412096023559513], [87.79221343994169, 26.468915939331282], [87.85121917724626, 26.436214447021484], [87.89063262939482, 26.48641967773449], [87.9293060302735, 26.417947769165096], [88.03255462646513, 26.36463165283226], [88.09740447998075, 26.437442779541072], [88.10065460205107, 26.536128997802678], [88.16304016113276, 26.63629341125511], [88.18975830078142, 26.750625610351733], [88.1760864257813, 26.865205764770735], [88.12301635742205, 26.95011520385765], [88.13748168945307, 26.985267639160156], [88.07955169677751, 27.03507423400879], [88.04026031494158, 27.036317825317667], [87.99005126953125, 27.118972778320312], [88.02198791503912, 27.170669555664062], [88.03429412841791, 27.28599548339838], [88.06921386718767, 27.33558082580595], [88.04941558837908, 27.405216217041243], [88.08288574218778, 27.429533004760856], [88.04633331298845, 27.49576568603527], [88.19992065429693, 27.790529251098746], [88.1757202148438, 27.820215225219954], [88.19891357421892, 27.853515625000227], [88.12998199462902, 27.881515502929688], [88.12365722656256, 27.950241088867415], [88.18865966796875, 27.943679809570312], [88.2296981811524, 27.96792030334467], [88.24388885498075, 27.948539733886776], [88.34519195556635, 27.989480972289982], [88.38980102539091, 27.978080749511946], [88.48311614990251, 28.04558753967285], [88.53894805908232, 28.03889083862316], [88.5544509887697, 28.08483123779297], [88.6164627075197, 28.10367965698265], [88.62123870849626, 28.130968093872184], [88.66677093505854, 28.074079513549975], [88.75108337402344, 28.07331275939964], [88.8329010009765, 28.011539459228743], [88.83625030517584, 27.93200111389166], [88.86123657226568, 27.9234619140625], [88.8857421875, 27.861337661743164], [88.854263305664, 27.8165225982666], [88.8466110229495, 27.66889953613304], [88.76706695556669, 27.5649604797365], [88.80932617187506, 27.40518951416044], [88.92237091064453, 27.326320648193644], [88.89920806884771, 27.274972915649528], [88.80110168457048, 27.247579574585075], [88.78820037841803, 27.185834884643555], [88.75101470947277, 27.142934799194336], [88.86991882324219, 27.108720779418945], [88.874984741211, 26.95154571533226], [88.9190063476563, 26.996200561523494], [88.95368957519548, 26.968204498291016], [88.93986511230497, 26.94240951538086], [88.96237945556669, 26.92413139343256], [89.02491760253918, 26.940271377563477], [89.04645538330084, 26.903650283813477], [89.09033966064464, 26.893970489501953], [89.13107299804705, 26.80806922912592], [89.25559234619158, 26.81686973571783], [89.37716674804693, 26.86629104614252], [89.39100646972656, 26.840957641601676], [89.44922637939453, 26.83386039733898], [89.45928192138672, 26.80625915527355], [89.55888366699236, 26.815553665161303], [89.6447372436524, 26.78094482421875], [89.65451049804693, 26.7635116577149], [89.61429595947294, 26.725633621215934], [89.75666046142595, 26.73646354675293], [89.77588653564447, 26.69909095764166], [89.85502624511747, 26.702848434448356], [89.8623886108399, 26.737003326416016], [89.95777893066412, 26.723165512085018], [90.1278381347658, 26.749042510986328], [90.18872070312506, 26.770572662353516], [90.18404388427763, 26.809732437133903], [90.21482086181658, 26.853700637817553], [90.30150604248058, 26.848230361938704], [90.35510253906261, 26.896089553833235], [90.4097061157226, 26.90192031860363], [90.55993652343756, 26.80101776123047], [90.71227264404297, 26.767578124999943], [91.05397796630888, 26.77947235107422], [91.09659576416033, 26.819803237915266], [91.33631896972673, 26.779651641845817], [91.40834808349638, 26.835561752319393], [91.49276733398443, 26.789764404296875], [91.62380218505865, 26.82132339477556], [91.68724822998041, 26.805093765258846], [91.80197143554693, 26.85206031799322], [91.85346221923834, 26.91229057312023], [91.88346099853527, 26.916200637817496], [91.98558044433611, 26.858253479003963], [92.05519104003906, 26.84805297851591], [92.09741973876959, 26.868610382080078], [92.11738586425798, 26.96021842956543], [92.10328674316423, 27.007749557495174], [92.03374481201178, 27.064815521240348], [92.02337646484392, 27.162334442138672], [92.06964874267607, 27.22364044189453], [92.03959655761719, 27.26667213439947], [92.12061309814453, 27.287570953369254], [92.05879211425776, 27.327199935913256], [92.01876068115234, 27.47974586486839], [91.93937683105497, 27.46063041687023], [91.86302947998053, 27.482070922851506], [91.72001647949247, 27.47035980224632], [91.69008636474638, 27.5027503967288], [91.64740753173845, 27.48472976684576], [91.56678009033209, 27.5750408172608], [91.55773925781244, 27.633466720580998], [91.62374114990234, 27.70597076416027], [91.63959503173845, 27.765199661254883], [91.62815856933611, 27.800830841064567], [91.56546783447271, 27.81531524658203], [91.54389190673834, 27.85555458068859], [91.66195678710943, 27.85824012756359], [91.7095718383789, 27.813289642333928], [91.82421112060547, 27.810350418090934], [91.86052703857428, 27.736932754516715], [91.91876220703153, 27.715101242065373], [91.98385620117188, 27.76999092102068], [92.05539703369158, 27.759130477905387], [92.21039581298857, 27.85898971557623], [92.26402282714838, 27.857931137085075], [92.31595611572283, 27.778240203857592], [92.40686035156278, 27.822088241577433], [92.45493316650419, 27.803262710571403], [92.50132751464861, 27.841501235961914], [92.56069183349615, 27.82104110717779], [92.60507202148438, 27.877508163452205], [92.6692123413086, 27.90013122558605], [92.73948669433622, 27.98941040039091], [92.66293334960943, 28.062770843505803], [92.68698883056646, 28.12579917907715], [92.79963684082048, 28.202230453491325], [92.826469421387, 28.172035217285213], [92.89525604248053, 28.204610824585018], [92.96452331542974, 28.261810302734375], [93.00035858154303, 28.230791091918945], [93.03378295898449, 28.263130187988224], [93.02366638183605, 28.303199768066406], [93.21897888183605, 28.333730697631893], [93.23152160644537, 28.400711059570312], [93.18266296386736, 28.439990997314567], [93.27591705322283, 28.50482940673828], [93.29987335205107, 28.59955024719261], [93.33690643310541, 28.640159606933707], [93.44567108154314, 28.676040649414176], [93.4741973876956, 28.653650283813477], [93.49111938476568, 28.683961868286133], [93.53383636474615, 28.658849716186637], [93.73156738281267, 28.689279556274357], [93.77517700195341, 28.668518066406307], [93.84403991699247, 28.70738983154297], [93.92613220214861, 28.67180061340332], [94.00142669677729, 28.775539398193303], [93.99491119384794, 28.841369628906307], [94.15513610839872, 28.95476150512701], [94.21469116210938, 29.08408927917486], [94.28772735595697, 29.14814949035656], [94.35692596435575, 29.152589797973633], [94.37227630615251, 29.19022941589384], [94.4311828613283, 29.22682189941429], [94.55789947509771, 29.228910446167106], [94.62815856933622, 29.348590850830135], [94.77738189697283, 29.241119384765682], [94.79798889160173, 29.164609909057845], [94.87180328369158, 29.184289932251147], [95.02279663085966, 29.130620956420955], [94.99749755859392, 29.173011779785213], [95.0983963012697, 29.143800735473576], [95.12175750732433, 29.116250991821516], [95.25076293945312, 29.109880447387695], [95.2665557861331, 29.057649612426758], [95.44742584228533, 29.036012649536246], [95.485893249512, 29.07625007629406], [95.49633026123053, 29.140310287475586], [95.54680633544939, 29.128650665283203], [95.53771972656256, 29.21400070190441], [95.5858001708985, 29.21799278259283], [95.59873199462896, 29.261861801147518], [95.6380233764649, 29.249839782714844], [95.77762603759771, 29.356399536132926], [95.79648590087908, 29.33633041381836], [95.88085174560553, 29.391490936279297], [95.95710754394537, 29.382667541504134], [96.08718872070318, 29.461610794067383], [96.17524719238281, 29.364530563354606], [96.18308258056658, 29.309251785278377], [96.24356842041033, 29.235122680664006], [96.29299926757818, 29.235788345337085], [96.36315155029314, 29.285631179809798], [96.39280700683605, 29.256500244140625], [96.34635925292986, 29.171030044555778], [96.26020050048834, 29.160160064697493], [96.18562316894537, 29.09461975097662], [96.11450195312506, 29.077602386474666], [96.18485260009771, 28.98811912536638], [96.14524841308622, 28.937488555908203], [96.1665267944336, 28.905929565429688], [96.24829864501953, 28.942840576171932], [96.34670257568354, 29.032268524169865], [96.435791015625, 29.037588119506893], [96.525199890137, 29.07928085327154], [96.47740173339861, 28.99403953552246], [96.48752593994158, 28.96533966064476], [96.51882934570318, 28.970989227295036], [96.5374526977539, 28.88412094116228], [96.61599731445341, 28.77857971191412], [96.58593750000017, 28.721588134765682], [96.47274017334013, 28.688209533691463], [96.49405670166021, 28.638191223144588], [96.42807006835943, 28.587141036987248], [96.40091705322283, 28.59431076049816], [96.40660858154297, 28.56404113769537], [96.32567596435558, 28.534009933471737], [96.37296295166021, 28.487039566040096], [96.26377105712908, 28.413379669189453], [96.31987762451172, 28.386159896850756], [96.37094116210938, 28.394300460815543], [96.39940643310564, 28.344499588012695], [96.45826721191435, 28.419221878051758], [96.51026153564459, 28.41830825805664], [96.57958984374994, 28.463092803955192], [96.66456604003912, 28.46577072143583], [96.7510528564456, 28.421712875366268], [96.77437591552751, 28.374071121215877], [96.89866638183622, 28.385900497436808], [96.92590332031256, 28.345029830932674], [96.99649810791044, 28.316230773925838], [97.09256744384771, 28.36969184875494], [97.17391967773432, 28.299060821533317], [97.28206634521479, 28.276260375976676], [97.40056610107439, 28.200500488281307], [97.33080291748053, 28.162971496582145], [97.33901214599615, 28.119541168212947], [97.30774688720709, 28.077100753784464], [97.373519897461, 28.070238113403377], [97.37706756591797, 28.03909111022955], [97.41516113281278, 28.024080276489315], [97.37806701660173, 27.98615074157715], [97.38902282714855, 27.89637947082548], [97.32116699218744, 27.889511108398438], [97.30870819091803, 27.92996025085455], [97.25647735595732, 27.909530639648438], [97.10246276855469, 27.793420791625977], [97.096420288086, 27.749929428100813], [97.02857208251982, 27.749120712280273], [96.97830200195318, 27.671873092651367], [96.94232177734386, 27.66744995117216], [96.89758300781267, 27.620801925659407], [96.9376831054688, 27.530059814453352], [96.91184997558588, 27.462709426879883], [97.16720581054716, 27.155479431152457], [97.14643096923857, 27.102840423583984], [97.06268310546903, 27.111160278320312], [96.98465728759777, 27.16670989990257], [96.8756332397461, 27.193559646606445], [96.86337280273466, 27.219240188598746], [96.89000701904303, 27.236869812011776], [96.88510131835949, 27.26795959472662], [96.80236053466825, 27.354431152343864], [96.7125473022461, 27.380729675293026], [96.61254119873058, 27.369369506835938], [96.52233123779325, 27.293970108032454], [96.47074890136719, 27.312461853027457], [96.2343292236331, 27.2848796844483], [96.03643035888689, 27.196050643920955], [95.93624877929682, 27.052991867065487], [95.87713623046875, 27.020498275757006], [95.80793762207048, 27.020450592041186], [95.73081207275419, 26.887491226196346], [95.67336273193371, 26.910221099853516], [95.61151885986334, 26.821212768554688], [95.5327758789063, 26.831209182739258], [95.42885589599638, 26.700040817260742], [95.30258178710966, 26.656021118164062], [95.2439575195313, 26.693901062011832], [95.15470886230474, 26.61948966979992], [95.15448760986328, 26.580802917480582], [95.06640625000006, 26.450370788574332], [95.0870208740235, 26.4519882202149], [95.10476684570318, 26.401250839233455], [95.1357421875, 26.387832641601506], [95.1212310791015, 26.23870086669922], [95.14253997802746, 26.214241027832145], [95.1205673217774, 26.109741210937443], [95.18569946289057, 26.080350875854492], [95.10646820068365, 25.968151092529297], [95.0218658447265, 25.90999984741211], [95.05252838134794, 25.762659072875977], [94.93757629394531, 25.669031143188477], [94.91967773437517, 25.61114120483404], [94.88897705078142, 25.593111038208008], [94.90499114990251, 25.56711006164562], [94.84944152832026, 25.560689926147518], [94.81249237060564, 25.495370864868278], [94.68863677978544, 25.465499877929688], [94.67382812500017, 25.41620063781744], [94.63117980957043, 25.387290954589844], [94.58535766601568, 25.215749740600586], [94.745658874512, 25.13659095764166], [94.74221038818388, 25.02524948120123], [94.703140258789, 24.978271484375114], [94.71907043457037, 24.942470550537166], [94.63784790039068, 24.842359542846907], [94.61084747314453, 24.72211265563965], [94.55098724365251, 24.716539382934627], [94.53148651123041, 24.632390975952262], [94.4654922485351, 24.57555961608898], [94.42959594726591, 24.493339538574276], [94.40341949462896, 24.487779617309513], [94.40390777587908, 24.421140670776367], [94.36534118652372, 24.399679183960018], [94.38336944580084, 24.379409790039062], [94.32634735107428, 24.33894920349121], [94.32798767089844, 24.292430877685604], [94.26271820068388, 24.16774749755865], [94.25969696044922, 24.089559555053825], [94.23307037353521, 24.066900253296012], [94.24532318115246, 24.044242858886832], [94.19596862792997, 23.937721252441463], [94.17077636718778, 23.93509292602539], [94.16146087646479, 23.85277938842796], [94.1226425170899, 23.842729568481445], [94.09609222412126, 23.893571853637752], [93.95378112792986, 23.950199127197266], [93.8159866333009, 23.929828643799055], [93.75694274902361, 24.009492874145565], [93.62065887451178, 24.014240264892578], [93.60346221923834, 23.96959114074707], [93.56353759765642, 23.989578247070312], [93.5087127685548, 23.948900222778434], [93.46885681152372, 23.973939895629826], [93.42473602294928, 24.07171058654791], [93.34691619873053, 24.11296844482422], [93.33442687988276, 23.98694992065424], [93.39871978759766, 23.93028068542486], [93.40528869628912, 23.761590957641715], [93.44470214843767, 23.68242835998541], [93.39718627929682, 23.433311462402457], [93.41423797607428, 23.38801193237316], [93.3658065795899, 23.354480743408146], [93.39470672607416, 23.224279403686523], [93.37394714355486, 23.15030097961437], [93.39364624023443, 23.13861274719261], [93.29772186279303, 23.005798339843807], [93.2531967163086, 23.006481170654524], [93.19445037841797, 23.06031036376953], [93.13294219970709, 23.047500610351562], [93.12919616699213, 23.000768661499023], [93.16835021972673, 22.919130325317496], [93.13875579833984, 22.913179397583065], [93.0992660522461, 22.81040954589838], [93.11268615722662, 22.744239807128906], [93.09175109863287, 22.709341049194393], [93.1443710327149, 22.598859786987305], [93.11168670654314, 22.531789779663313], [93.13365936279303, 22.51993942260748], [93.14206695556646, 22.463260650634822], [93.1908111572265, 22.427259445190487], [93.20858001709001, 22.26106834411621], [93.14710998535185, 22.246540069580078], [93.16982269287104, 22.200059890747184], [93.15441131591814, 22.1781902313233], [93.07698822021501, 22.21010971069336], [93.0466613769533, 22.197620391845817], [93.06556701660162, 22.102052688598576], [93.01326751709001, 22.1022109985351], [93.00924682617188, 21.983930587768555], [92.95580291748075, 22.02992057800293], [92.93161010742188, 22.017509460449162], [92.91088867187506, 21.946229934692326], [92.86773681640642, 22.06536293029791], [92.71788787841803, 22.152629852295036], [92.69935607910162, 22.148332595825252], [92.69355773925776, 22.077249526977653], [92.68383789062494, 22.105348587036133], [92.68435668945324, 22.017910003662337], [92.60968017578142, 21.97683715820324], [92.60498046875006, 22.057630538940657], [92.5704193115235, 22.12912178039562], [92.60997772216825, 22.12130928039562], [92.61389160156267, 22.172941207885742], [92.53144836425781, 22.5623397827149], [92.53174591064459, 22.656141281127987], [92.44753265380876, 22.89359092712425], [92.37542724609375, 22.934881210327262], [92.39366912841808, 23.058168411255167], [92.36579895019537, 23.105949401855696], [92.36109924316435, 23.237537384033317], [92.40863037109392, 23.246080398559513], [92.32319641113298, 23.473802566528434], [92.27626037597673, 23.721870422363565], [92.24745178222656, 23.72410011291504], [92.22405242919928, 23.65732002258295], [92.21772766113298, 23.695190429687614], [92.1675872802735, 23.74144172668457], [92.07067108154314, 23.644649505615234], [92.02312469482416, 23.657964706421012], [91.98361968994169, 23.729740142822322], [91.96211242675781, 23.727701187133732], [91.94230651855486, 23.681808471679744], [91.97516632080084, 23.482442855835018], [91.94181060791021, 23.4691104888916], [91.94178009033209, 23.43758964538597], [91.90351104736357, 23.441448211669865], [91.84735870361334, 23.4002304077149], [91.77091217041021, 23.263759613037166], [91.83550262451189, 23.093910217285213], [91.78035736084001, 23.06852912902832], [91.78504180908214, 23.03170967102045], [91.7733764648438, 23.044059753417912], [91.72557830810541, 22.989320755004996], [91.65213775634794, 22.991950988769645], [91.61871337890636, 22.944150924682674], [91.61196136474626, 22.973350524902344], [91.58335113525408, 22.96322059631342], [91.5488891601563, 22.994762420654297], [91.52172088623064, 23.13910293579113], [91.49742889404325, 23.153310775756836], [91.51093292236334, 23.182039260864258], [91.47424316406267, 23.188837051391715], [91.48597717285185, 23.212240219116154], [91.4586181640625, 23.215421676635856], [91.47480010986345, 23.225620269775447], [91.459716796875, 23.25471115112299], [91.42368316650408, 23.255020141601562], [91.4190063476563, 23.280221939086857], [91.38883972167974, 23.179460525512752], [91.4219970703125, 23.059249877929744], [91.37767791748041, 23.064050674438533], [91.33033752441435, 23.157672882080078], [91.33230590820312, 23.252750396728572], [91.30641937255865, 23.290559768676758], [91.32154846191418, 23.302169799804688], [91.29725646972656, 23.32098007202154], [91.32560729980463, 23.362310409546012], [91.29666900634783, 23.35447120666504], [91.25377655029303, 23.48971939086914], [91.20687866210943, 23.51777076721197], [91.21801757812528, 23.54836082458496], [91.16581726074236, 23.602251052856445], [91.16127777099615, 23.670600891113395], [91.19889068603521, 23.646970748901367], [91.21006011962908, 23.68755149841303], [91.15828704833996, 23.691221237182617], [91.16166687011724, 23.74266052246105], [91.22461700439459, 23.740100860595817], [91.25760650634771, 23.839651107788143], [91.23522186279297, 23.928600311279297], [91.27626800537126, 23.92624092102045], [91.27184295654297, 23.96361160278326], [91.30641174316406, 23.998569488525504], [91.37819671630871, 23.976879119873047], [91.39650726318371, 24.051351547241268], [91.37542724609392, 24.107530593872127], [91.59619903564459, 24.080209732055664], [91.6403121948245, 24.108360290527287], [91.64808654785168, 24.214370727539176], [91.66752624511724, 24.230400085449332], [91.692398071289, 24.159328460693473], [91.76119995117199, 24.141582489013786], [91.74346923828153, 24.247127532958984], [91.81555938720714, 24.2089519500733], [91.84748840332048, 24.22832107543951], [91.84175109863281, 24.197719573974553], [91.90262603759783, 24.137838363647575], [91.94185638427763, 24.267578125000114], [91.92043304443365, 24.335750579834098], [91.9571075439456, 24.356250762939453], [91.99542999267607, 24.32126045227045], [91.97409057617216, 24.388639450073356], [92.08904266357428, 24.373420715332145], [92.1237182617188, 24.387300491333008], [92.13912963867205, 24.42444992065441], [92.16687011718756, 24.422109603881836], [92.15587615966791, 24.524229049682674], [92.23087310791033, 24.4996280670166], [92.25090789794939, 24.65708923339838], [92.29827117919928, 24.73655128479004], [92.27966308593744, 24.828041076660156], [92.24411010742193, 24.84937286376953], [92.24523162841803, 24.91024971008295], [92.29837799072266, 24.920049667358512], [92.39147186279314, 24.849941253662337], [92.49179840087908, 24.874021530151595], [92.48927307128935, 24.954359054565543], [92.46868133544916, 24.94244003295921], [92.4605484008789, 24.976150512695426], [92.4284973144533, 24.97257995605463], [92.43284606933594, 25.03102111816412], [92.34716796875028, 25.052190780639705], [92.34783172607428, 25.0782527923584], [92.23354339599626, 25.097000122070312], [92.21231842041044, 25.116460800170955], [92.23232269287138, 25.11960983276373], [92.18754577636713, 25.12195968627941], [92.07176971435541, 25.189622879028434], [91.75287628173828, 25.179821014404297], [91.7440032958985, 25.151220321655387], [91.7073059082033, 25.15880012512207], [91.64453125, 25.122720718383732], [91.60558319091825, 25.145801544189567], [91.61741638183622, 25.17591094970703], [91.47406768798828, 25.133859634399414], [91.41980743408232, 25.170110702514762], [91.34232330322271, 25.172258377075252], [91.27378845214861, 25.204307556152287], [91.08249664306646, 25.19749259948736], [90.86695861816406, 25.15612030029297], [90.78542327880888, 25.183969497680664], [90.73928070068388, 25.15443038940424], [90.67301177978521, 25.16664123535162], [90.67117309570341, 25.19729042053234], [90.64878082275396, 25.173339843750057], [90.51670074462885, 25.175069808960075], [90.45236206054693, 25.144502639770508], [90.34152984619146, 25.193500518798942], [90.11519622802763, 25.226921081543196], [89.97123718261736, 25.303060531616154], [89.83426666259766, 25.295669555664006], [89.84739685058622, 25.310251235961914], [89.82166290283197, 25.385360717773438], [89.88668060302763, 25.621051788330305], [89.83180236816423, 25.725000381469783], [89.84356689453153, 25.7682399749757], [89.81452941894537, 25.81698036193859], [89.89035797119158, 25.940229415893782], [89.82820129394548, 25.943559646606673], [89.87539672851574, 25.97611045837408], [89.83957672119169, 26.01045989990257], [89.83975219726591, 25.98101043701189], [89.82295989990263, 25.984909057617415], [89.81307220459013, 26.041971206665096], [89.79467010498053, 26.01565933227539], [89.80409240722685, 26.039381027221907], [89.77793121337902, 26.035705566406364], [89.79850769042974, 26.08386993408226], [89.75913238525408, 26.10904121398943], [89.75092315673845, 26.155611038208008], [89.68463897705084, 26.160419464111328], [89.70517730712908, 26.171649932861328], [89.67636108398455, 26.201360702514705], [89.69391632080095, 26.210300445556754], [89.68216705322271, 26.235719680786133], [89.67324829101591, 26.218679428100643], [89.63758087158232, 26.227678298950195], [89.65303802490263, 26.18993949890148], [89.62983703613298, 26.186189651489315], [89.6590423583985, 26.178930282592717], [89.65187835693388, 26.164659500122184], [89.6195068359375, 26.17803955078125], [89.5945892333985, 26.156909942627067], [89.60817718505871, 26.116529464721793], [89.6329879760745, 26.118900299072493], [89.59665679931658, 26.100891113281307], [89.6326675415039, 26.106969833374137], [89.6526870727539, 26.063589096069336], [89.6083602905274, 26.063610076904354], [89.58040618896484, 25.968179702758846], [89.54358673095703, 25.970510482788086], [89.54235076904303, 26.00538063049322], [89.4385070800783, 26.008598327636832], [89.42954254150408, 26.045618057251033], [89.39840698242216, 26.006879806518498], [89.35244750976591, 26.010509490966797], [89.26156616210943, 26.063920974731673], [89.27220153808611, 26.091640472412166], [89.23017120361357, 26.122640609741325], [89.16004943847673, 26.14228820800787], [89.1468811035158, 26.23536109924322], [89.10842895507818, 26.282342910766715], [89.11251831054682, 26.31698989868164], [89.1305007934572, 26.288499832153263], [89.14444732666021, 26.32077980041504], [89.09021759033203, 26.32432937622076], [89.10243225097673, 26.393510818481673], [89.04103851318376, 26.397920608520565], [88.96434020996111, 26.463132858276367], [88.95144653320318, 26.429170608520735], [88.91127014160185, 26.41206932067871], [88.91989135742188, 26.369939804077205], [88.96362304687506, 26.36580276489252], [88.96379852294939, 26.332670211791992], [88.99143218994158, 26.352210998535156], [89.00762939453125, 26.32863998413086], [88.99188995361334, 26.304779052734432], [89.06516265869152, 26.29393959045433], [89.06970214843756, 26.255332946777344], [88.9704360961914, 26.24155807495123], [88.93485260009771, 26.288299560546875], [88.8883514404298, 26.291570663452205], [88.86820983886736, 26.27746963500988], [88.88510894775402, 26.238849639892635], [88.84678649902372, 26.234270095825252], [88.81920623779314, 26.259700775146598], [88.82158660888683, 26.30071258544922], [88.76158142089844, 26.300590515136776], [88.74919128417986, 26.353240966796932], [88.70436859130876, 26.33436012268072], [88.6818161010745, 26.380310058593807], [88.70268249511736, 26.388460159301758], [88.62454986572271, 26.435430526733512], [88.62069702148443, 26.471069335937557], [88.59520721435575, 26.471799850464095], [88.5970230102539, 26.449390411376953], [88.55712127685564, 26.45685005187994], [88.56105804443388, 26.488920211791992], [88.52665710449224, 26.481740951538143], [88.48606109619146, 26.54131126403803], [88.43540954589838, 26.546819686889762], [88.41674804687517, 26.63297080993675], [88.40088653564447, 26.626920700073356], [88.33436584472673, 26.478679656982536], [88.35591125488298, 26.445810317993278], [88.36760711669928, 26.48705291748047], [88.48324584960966, 26.461109161377067], [88.52482604980497, 26.359838485718], [88.4870223999024, 26.349220275878963], [88.45789337158232, 26.37375068664545], [88.43810272216814, 26.337049484252873], [88.40695953369169, 26.330419540405273], [88.41613006591825, 26.31597137451172], [88.35175323486334, 26.281581878662166], [88.35251617431646, 26.219989776611555], [88.18044281005876, 26.145692825317383], [88.16095733642578, 26.07798194885254], [88.18615722656267, 26.068708419799805], [88.18711090087908, 26.02406120300293], [88.14399719238298, 26.011819839477596], [88.08676147460938, 25.912500381469783], [88.10835266113298, 25.889591217041016], [88.11714172363287, 25.796659469604606], [88.15170288085943, 25.773771286010856], [88.26992797851568, 25.80813980102539], [88.27175903320307, 25.7799205780031], [88.37857818603516, 25.71255111694353], [88.40714263916044, 25.669319152831974], [88.45672607421903, 25.66049957275419], [88.4463958740235, 25.596981048583984], [88.50004577636747, 25.58126258850092], [88.54292297363293, 25.506620407104492], [88.60942840576178, 25.513160705566406], [88.64981842041033, 25.47699928283697], [88.69888305664068, 25.469970703125114], [88.7111206054688, 25.497041702270565], [88.76909637451178, 25.492300033569336], [88.76285552978544, 25.521320343017805], [88.81038665771479, 25.519750595092717], [88.8390731811524, 25.469591140747298], [88.81688690185547, 25.408178329467773], [88.84496307373064, 25.392019271850586], [88.84365844726568, 25.362409591674805], [88.92560577392578, 25.303560256958008], [89.0112533569336, 25.292381286621207], [88.95664215087919, 25.25926971435547], [88.95887756347662, 25.21960067749029], [88.93485260009771, 25.21815109252924], [88.94738769531267, 25.184040069580078], [88.92302703857428, 25.167129516601506], [88.8449096679687, 25.211200714111385], [88.80378723144537, 25.17229080200201], [88.70922851562506, 25.20960044860834], [88.61707305908209, 25.206108093261776], [88.56581115722668, 25.177690505981445], [88.49971771240251, 25.211679458618164], [88.4458465576173, 25.196289062500114], [88.46264648437528, 25.142030715942383], [88.43653869628935, 25.05018043518072], [88.45381164550787, 25.035600662231445], [88.3974609375, 24.969120025634822], [88.4014968872072, 24.945690155029524], [88.3417282104495, 24.93901062011713], [88.32633209228533, 24.91069984436035], [88.34789276123064, 24.892179489135856], [88.3251495361331, 24.865890502929744], [88.27742767333996, 24.89573287963873], [88.26381683349615, 24.875459671020565], [88.2635726928711, 24.918260574340763], [88.2279663085938, 24.959430694580135], [88.13968658447271, 24.936128616333065], [88.17560577392607, 24.86098289489746], [88.1476058959961, 24.850231170654297], [88.13610839843778, 24.80531120300293], [88.12245941162126, 24.821630477905387], [88.10592651367193, 24.779449462890682], [88.0705871582033, 24.769420623779354], [88.06474304199224, 24.72138023376465], [88.01056671142584, 24.666660308837947], [88.14785003662115, 24.505630493164176], [88.33300781250017, 24.383190155029524], [88.4483795166015, 24.37704086303711], [88.52870941162126, 24.34418106079113], [88.55500030517572, 24.296489715576286], [88.5697326660158, 24.327470779419173], [88.70250701904303, 24.31065940856945], [88.73551940917974, 24.273189544677848], [88.73197937011747, 24.197399139404297], [88.69951629638683, 24.16603088378912], [88.6946868896485, 24.113399505615178], [88.7376327514649, 24.059429168701115], [88.72718811035185, 23.994501113891715], [88.75874328613298, 24.008182525634766], [88.77098846435553, 23.984781265258903], [88.73496246337896, 23.978170394897575], [88.73153686523443, 23.912982940673828], [88.70211791992188, 23.912879943847656], [88.65862274169939, 23.86805915832531], [88.57598114013666, 23.859750747680664], [88.60173034667963, 23.816850662231502], [88.55928039550787, 23.784130096435604], [88.57879638671903, 23.765340805053825], [88.56167602539057, 23.642070770263786], [88.59242248535173, 23.636571884155387], [88.58085632324224, 23.600740432739315], [88.64492034912115, 23.608060836791992], [88.6591873168947, 23.55265998840332], [88.74291992187517, 23.48077964782709], [88.7985076904298, 23.494890213012752], [88.79094696044922, 23.44135093688965], [88.76529693603521, 23.442810058593807], [88.75740814209001, 23.41900825500494], [88.76230621337919, 23.36174964904791], [88.73355865478533, 23.346300125122127], [88.74607849121122, 23.309801101684513], [88.69740295410162, 23.296480178833008], [88.72035980224604, 23.25266265869152], [88.79670715332048, 23.215570449829045], [88.8178787231447, 23.25098991394043], [88.85276031494158, 23.224609375000057], [88.91346740722662, 23.229999542236385], [88.91915893554705, 23.208311080932674], [88.99469757080095, 23.212360382080192], [88.86956787109392, 23.095359802246037], [88.87341308593756, 23.004341125488395], [88.84673309326178, 23.00243186950678], [88.867973327637, 22.989601135254134], [88.86147308349638, 22.955150604248104], [88.89544677734403, 22.950510025024414], [88.9138793945313, 22.91861915588379], [88.90933227539091, 22.87740135192894], [88.94600677490229, 22.87743949890165], [88.96752929687528, 22.84262847900385], [88.95844268798845, 22.79421043395996], [88.91918945312506, 22.761711120605753], [88.95919036865251, 22.691169738769645], [88.94728088378918, 22.659851074218807], [88.93194580078142, 22.645549774169922], [88.92025756835932, 22.666948318481502], [88.91175842285162, 22.676561355590763], [88.90502929687517, 22.679105758667106], [88.86436462402338, 22.665082931518555], [88.86411285400396, 22.693651199340877], [88.84869384765653, 22.708429336548022], [88.80905151367182, 22.711668014526424], [88.81159210205095, 22.741443634033146], [88.80908203125017, 22.751136779785156], [88.81396484375028, 22.74090766906761], [88.8257446289063, 22.7376327514649], [88.8291854858399, 22.737960815429688], [88.83422851562494, 22.745452880859432], [88.836479187012, 22.73701667785639], [88.83941650390642, 22.734941482544116], [88.84230041503923, 22.736467361450366], [88.8471298217774, 22.744049072265796], [88.8482284545899, 22.750989913940714], [88.83249664306669, 22.753889083862248], [88.84680938720732, 22.75013923645031], [88.8399963378908, 22.735643386840934], [88.83515167236357, 22.746778488159237], [88.82664489746111, 22.738719940185604], [88.81899261474626, 22.75065612792997], [88.81078338623047, 22.753679275512695], [88.80702209472656, 22.75067329406744], [88.80873107910173, 22.709692001342773], [88.84723663330095, 22.706548690796183], [88.86157989501959, 22.693742752075366], [88.85722351074224, 22.677499771118107], [88.86124420166021, 22.665920257568303], [88.8656768798831, 22.663110733032454], [88.90781402587919, 22.676839828491154], [88.9325561523438, 22.618743896484375], [88.95777893066435, 22.617414474487532], [88.93760681152338, 22.569932937622013], [88.89638519287138, 22.563333511352766], [88.86888885498058, 22.545835494995117], [88.8428115844726, 22.507873535156364], [88.84460449218756, 22.500904083252067], [88.85884857177734, 22.499151229858626], [88.86199188232428, 22.49114227294922], [88.86524963378912, 22.48751640319847], [88.85749053955107, 22.48358917236351], [88.85666656494146, 22.475000381469727], [88.85111236572271, 22.475000381469727], [88.85244750976568, 22.432832717895508], [88.82453155517595, 22.4361190795899], [88.82968139648455, 22.44675254821783], [88.81156158447283, 22.481378555298136], [88.79318237304716, 22.49922180175804], [88.7716674804687, 22.513380050659123], [88.7828216552735, 22.521150588989258], [88.784164428711, 22.524999618530387], [88.7663879394533, 22.56083488464367], [88.78277587890642, 22.522777557373274], [88.76837921142607, 22.513439178467024], [88.75041961669928, 22.51696586608898], [88.73898315429693, 22.51418113708496], [88.73414611816423, 22.51091957092291], [88.70925903320341, 22.52907752990734], [88.69066619873064, 22.52441215515148], [88.69132995605497, 22.534059524536246], [88.68234252929693, 22.537443161010742], [88.68226623535173, 22.543781280517635], [88.67359161376982, 22.55002212524414], [88.68087005615263, 22.57738494873047], [88.67833709716803, 22.59361076354986], [88.6725692749024, 22.56626129150385], [88.6722259521485, 22.54944038391136], [88.69019317626982, 22.52298164367687], [88.70780181884783, 22.52769470214855], [88.73357391357439, 22.509992599487305], [88.7784271240235, 22.506084442138615], [88.77953338623064, 22.493150711059798], [88.80252075195341, 22.443422317505167], [88.81848144531256, 22.430572509765682], [88.84834289550776, 22.43056488037132], [88.84610748291033, 22.388332366943416], [88.86110687255888, 22.365022659301815], [88.87474822998053, 22.358118057251033], [88.87628936767584, 22.35531044006376], [88.871391296387, 22.35889244079584], [88.84923553466803, 22.36454200744629], [88.81888580322271, 22.363611221313477], [88.8026199340822, 22.328983306884822], [88.80442810058622, 22.28273010253912], [88.79270935058611, 22.276189804077376], [88.79079437255876, 22.25970268249506], [88.77208709716814, 22.25127983093273], [88.74361419677763, 22.229166030884016], [88.73361206054693, 22.195554733276424], [88.70195770263678, 22.209442138671875], [88.66562652587885, 22.21745109558111], [88.63504028320318, 22.21640014648466], [88.6580657958985, 22.23936080932623], [88.68492126464861, 22.29427528381376], [88.69055175781261, 22.32666587829607], [88.6661224365235, 22.33904075622553], [88.67916870117182, 22.293891906738224], [88.63091278076166, 22.22204971313488], [88.63934326171892, 22.208120346069563], [88.67246246337919, 22.201198577881087], [88.6192855834961, 22.108840942382926], [88.60462951660173, 22.15977478027355], [88.57274627685547, 22.189100265503043], [88.60337066650396, 22.159088134765625], [88.59757232666033, 22.1306209564209], [88.61996459960943, 22.104549407959098], [88.6272964477539, 22.054809570312727], [88.62953948974638, 22.050611495971964], [88.63665771484392, 22.045289993286133], [88.60340118408232, 22.023559570312557], [88.6063537597658, 22.04772186279297], [88.596733093262, 22.063297271728743], [88.60166168212896, 22.073610305786246], [88.59658050537104, 22.06726646423357], [88.59622955322283, 22.061040878296126], [88.60491943359403, 22.048328399658146], [88.59990692138678, 22.023595809936694], [88.6144409179688, 22.019720077514762], [88.60666656494169, 21.91305732727068], [88.57833099365234, 21.88944435119629], [88.5863876342774, 21.928050994873274], [88.57250213623075, 21.907222747802734], [88.55027770996111, 21.921390533447493], [88.55139160156267, 21.93472290039074], [88.5436096191408, 21.97000122070324], [88.55638885498064, 21.97278976440424], [88.56333160400402, 21.960556030273438], [88.56777954101557, 21.958890914917106], [88.55767059326166, 21.97323989868164], [88.54624938964861, 21.973489761352653], [88.5426330566408, 21.97063064575201], [88.54088592529291, 21.96021270751976], [88.54866790771513, 21.922279357910213], [88.570541381836, 21.903608322143498], [88.56239318847685, 21.898880004882756], [88.54504394531278, 21.906040191650334], [88.5405578613283, 21.90386962890625], [88.52805328369169, 21.853055953979435], [88.49426269531256, 21.879091262817326], [88.52177429199247, 21.9137420654298], [88.52553558349615, 21.929441452026424], [88.52172088623053, 21.942680358886776], [88.49369812011724, 21.96705245971691], [88.5191192626956, 21.98824310302757], [88.53702545166044, 21.97880554199213], [88.54331970214872, 21.981994628906534], [88.54998016357433, 21.996206283569563], [88.55663299560553, 22.023180007934798], [88.55461883544916, 22.03570938110363], [88.54141998291044, 21.98171043396019], [88.51757049560575, 21.988727569580305], [88.49156951904303, 21.966890335083008], [88.52066040039057, 21.91539573669445], [88.50222015380876, 21.91472244262718], [88.48323822021513, 21.909959793090934], [88.47727203369146, 21.904380798339957], [88.47355651855463, 21.895341873168945], [88.45289611816418, 21.939537048339844], [88.46823883056658, 21.952831268310547], [88.47020721435553, 21.958900451660213], [88.46368408203142, 21.963520050049055], [88.4459304809572, 21.965959548950423], [88.46089172363287, 22.011579513549975], [88.44162750244146, 21.99106025695795], [88.445327758789, 21.96415519714361], [88.4689254760745, 21.957969665527457], [88.45148468017595, 21.942026138305607], [88.45848083496088, 21.918840408325423], [88.41972351074247, 21.90655136108427], [88.40866851806669, 21.885330200195256], [88.38474273681646, 21.89915275573736], [88.40777587890642, 21.919492721557617], [88.3988113403322, 21.9530925750733], [88.3738861083985, 21.965278625488452], [88.39430999755865, 21.970661163330192], [88.3758163452149, 21.9697208404541], [88.37277984619146, 21.966659545898438], [88.37444305419928, 21.962818145752237], [88.39805603027361, 21.952220916748047], [88.40636444091825, 21.919784545898494], [88.38279724121111, 21.900680541992415], [88.39067077636724, 21.798980712890625], [88.36400604248053, 21.797830581664982], [88.35488128662138, 21.822799682617358], [88.37054443359403, 21.89779853820818], [88.36846160888666, 21.90570259094261], [88.35928344726591, 21.921625137329045], [88.3499832153322, 21.927389144897745], [88.36915588378912, 21.897251129150334], [88.3535766601562, 21.857154846191406], [88.34523773193376, 21.856960296631144], [88.33702850341814, 21.861610412597713], [88.32565307617193, 21.8621501922608], [88.30893707275419, 21.856399536132812], [88.309799194336, 21.877683639526538], [88.26197814941435, 21.858690261840763], [88.2697372436524, 21.88519287109375], [88.25489807128912, 21.871339797973633], [88.26059722900396, 21.857860565185774], [88.3138275146485, 21.84660720825218], [88.3056030273438, 21.830318450927678], [88.27709197998041, 21.82191467285162], [88.26339721679705, 21.81379508972168], [88.2589721679687, 21.80762100219721], [88.25836181640653, 21.800769805908374], [88.26362609863287, 21.788000106811637], [88.28193664550787, 21.761100769043026], [88.25166320800787, 21.80194282531761], [88.28273773193365, 21.757581710815657], [88.26568603515642, 21.730030059814453], [88.27388763427751, 21.754625320434798], [88.21722412109392, 21.764444351196403], [88.16333007812506, 21.87944412231451], [88.17720794677751, 21.926111221313704], [88.15366363525419, 21.95917320251465], [88.22389221191406, 22.075275421142578], [88.2030563354495, 22.166940689086914], [88.1655578613283, 22.19889068603527], [88.06972503662138, 22.211944580078125], [88.10500335693388, 22.304698944091797], [88.04915618896513, 22.220001220703182], [87.98486328125028, 22.245700836181754], [87.95868682861334, 22.28466987609886], [87.94638824462908, 22.40611076354986], [87.92333221435564, 22.43499946594261], [87.88376617431669, 22.44158935546875], [87.94222259521501, 22.366388320922965], [87.9400024414063, 22.260278701782454], [87.98140716552763, 22.21585083007824], [88.00861358642584, 22.201389312744368], [88.13555908203153, 22.184722900390682], [88.18723297119169, 22.09638977050804], [88.06223297119146, 22.01305961608898], [88.03194427490246, 22.063886642456055], [87.99194335937494, 22.10250091552757], [87.95944976806646, 22.099689483642578], [88.00805664062506, 22.073610305786246], [88.05222320556635, 22.007499694824276], [87.9761123657226, 21.851110458374137], [87.80444335937528, 21.702499389648494], [87.46389007568365, 21.606389999389933], [87.40499877929699, 21.556659698486328], [87.3863830566408, 21.56656265258789], [87.3877792358399, 21.547500610351847], [87.20089721679693, 21.548490524291992], [87.10694885253906, 21.51773452758789], [86.9108428955081, 21.340280532837085], [86.81861114501953, 21.178056716919173], [86.84388732910185, 21.081666946411133], [86.95944213867199, 20.863609313964844], [86.96414947509771, 20.79417037963873], [86.88138580322271, 20.797502517700195], [86.82776641845703, 20.771669387817496], [86.7556991577149, 20.613344192504996], [86.77361297607428, 20.645280838012695], [86.81587219238276, 20.636400222778605], [86.82055664062506, 20.639583587646484], [86.82298278808611, 20.646511077880916], [86.81408691406256, 20.663658142089957], [86.80473327636724, 20.669170379638672], [86.79650878906256, 20.665571212768555], [86.80223846435553, 20.67521095275879], [86.82853698730474, 20.672269821166992], [86.83930206298857, 20.653419494628906], [86.8446578979495, 20.650762557983626], [86.8668823242188, 20.664510726928768], [86.9024963378908, 20.69778060913086], [86.93393707275385, 20.710710525512695], [87.0, 20.695280075073356], [87.04518890380876, 20.709484100341854], [86.78444671630876, 20.53582954406761], [86.73388671875017, 20.47916603088379], [86.72943115234403, 20.404880523681697], [86.77971649169928, 20.391670227050895], [86.76416778564482, 20.365829467773665], [86.78607940673857, 20.37691497802757], [86.78083038330095, 20.345834732055664], [86.68000030517584, 20.263332366943587], [86.67111206054682, 20.28222274780296], [86.67973327636736, 20.258050918579272], [86.55361175537104, 20.210002899170036], [86.5097198486331, 20.177221298217887], [86.49749755859403, 20.190280914306868], [86.47416687011724, 20.168891906738395], [86.46833038330107, 20.14722061157255], [86.45999908447283, 20.162221908569336], [86.46604156494169, 20.14599037170433], [86.49111175537126, 20.15777015686035], [86.46221923828153, 20.11471939086914], [86.46277618408232, 20.108610153198413], [86.4713897705081, 20.09749984741228], [86.46389007568365, 20.11471939086914], [86.48750305175787, 20.140558242798022], [86.49111175537126, 20.133333206176758], [86.48722076416044, 20.127218246460018], [86.4891662597658, 20.121389389038256], [86.50388336181658, 20.16444015502924], [86.55889129638678, 20.200559616088867], [86.52055358886724, 20.169166564941406], [86.48388671875006, 20.110275268554915], [86.43678283691412, 20.060968399047965], [86.41176605224626, 20.05554008483898], [86.4272232055664, 20.049722671508903], [86.41166687011747, 20.036390304565657], [86.40721893310553, 20.019718170166016], [86.41110992431669, 20.000000000000227], [86.38889312744146, 19.977228164673136], [86.38223266601568, 19.995559692382983], [86.34221649169928, 19.986391067504996], [86.32740020751947, 20.030670166015625], [86.29046630859375, 20.060981750488452], [86.28722381591797, 20.049722671508903], [86.26915740966803, 20.062780380249137], [86.2624969482423, 20.061952590942326], [86.247856140137, 20.053188323974894], [86.23665618896501, 20.02695083618164], [86.26499938964872, 20.016946792602482], [86.29494476318388, 20.024419784545955], [86.32194519042974, 19.984443664550895], [86.30266571044939, 19.983543395996264], [86.3410263061524, 19.972379684448356], [86.31749725341797, 19.949165344238395], [86.34243774414091, 19.969503402710245], [86.36422729492188, 19.95372962951683], [86.24160003662126, 19.922050476074503], [86.22778320312511, 19.90361022949213], [86.22110748291027, 19.91082954406744], [86.22657012939453, 19.91855049133318], [86.22632598876953, 19.920520782470703], [86.22252655029314, 19.92562103271507], [86.20804595947283, 19.904720306396484], [86.2279663085938, 19.90088081359869], [86.09514617919939, 19.859910964965877], [85.90499877929693, 19.832221984863565], [85.41919708251959, 19.623069763183594], [84.90569305419939, 19.269582748413086], [84.78237152099615, 19.11320114135765], [84.74569702148455, 19.11763954162592], [84.72541809082026, 19.09653091430681], [84.75041961669922, 19.136529922485522], [84.722640991211, 19.139860153198185], [84.7031860351563, 19.11763954162592], [84.70652770996122, 19.10847091674833], [84.71097564697283, 19.108194351196516], [84.71402740478533, 19.099580764770508], [84.71903228759771, 19.0968074798584], [84.722640991211, 19.08958053588873], [84.76101684570318, 19.07131195068365], [84.7462463378908, 19.04847145080572], [84.58264160156256, 18.87625122070324], [84.55346679687506, 18.791809082031193], [84.46569824218767, 18.712921142578182], [84.44069671630876, 18.664030075073242], [84.37763977050787, 18.605970382690543], [84.35485839843767, 18.56430625915533], [84.34430694580107, 18.561531066894588], [84.34069824218778, 18.557083129882812], [84.33902740478533, 18.55069351196289], [84.355697631836, 18.5631942749024], [84.35624694824224, 18.55680465698248], [84.12568664550787, 18.351530075073356], [84.12458038330107, 18.309305191039982], [83.71347045898443, 18.11069488525385], [83.57263946533203, 18.0181941986084], [83.52958679199224, 17.94930648803711], [83.46041870117199, 17.904582977295036], [83.45958709716803, 17.920141220092773], [83.45735931396496, 17.920694351196346], [83.34430694580072, 17.724861145019702], [83.30652618408232, 17.688190460205078], [83.2823562622072, 17.689310073852596], [83.27263641357439, 17.711811065673828], [83.26347351074236, 17.710971832275504], [83.2823562622072, 17.687641143798885], [83.29818725585955, 17.68653106689453], [83.29541778564459, 17.6751384735108], [83.21347045898432, 17.590972900390625], [82.60763549804699, 17.29624938964838], [82.36791992187528, 17.118194580078182], [82.24903106689459, 16.930419921874943], [82.25624847412115, 16.886528015136832], [82.31180572509777, 16.8401393890382], [82.3543090820313, 16.851528167724723], [82.3593063354495, 16.944311141967717], [82.32430267334001, 16.988750457763672], [82.35791778564459, 16.963752746582315], [82.36569213867205, 16.902080535888786], [82.34291839599638, 16.73791694641136], [82.24263763427734, 16.708194732666016], [82.25653076171903, 16.64263916015625], [82.29235839843778, 16.608749389648494], [82.2659759521485, 16.59763908386236], [82.25986480712896, 16.586805343627987], [82.29957580566412, 16.591810226440543], [82.26791381835943, 16.564027786255167], [82.30596923828142, 16.574581146240348], [82.30986022949224, 16.56764030456543], [81.72041320800781, 16.31014060974121], [81.54096984863298, 16.359031677246094], [81.40541839599615, 16.343748092651367], [81.3829193115235, 16.36181068420433], [81.36513519287115, 16.359859466552905], [81.34570312500006, 16.33069038391136], [81.37985992431646, 16.359859466552905], [81.3926391601563, 16.342082977295036], [81.26541900634771, 16.281251907348633], [81.230972290039, 16.235139846801985], [81.14097595214861, 16.018194198608626], [81.14569091796903, 15.973750114441032], [81.00430297851568, 15.840419769287394], [81.00624847412138, 15.757916450500431], [80.94291687011747, 15.719580650329704], [80.82208251953142, 15.712916374206543], [80.79708099365251, 15.74431133270258], [80.78069305419939, 15.780420303344954], [80.81346893310564, 15.739582061767521], [80.80541992187528, 15.842639923095703], [80.77401733398455, 15.866251945495605], [80.68681335449219, 15.882640838623217], [80.53736114501959, 15.854861259460677], [80.43096923828136, 15.80570030212408], [80.27041625976591, 15.673195838928223], [80.20041656494169, 15.49819374084501], [80.20069122314459, 15.465415954590014], [80.09819793701166, 15.314305305480957], [80.07986450195341, 15.315973281860352], [80.09930419921903, 15.309860229492415], [80.08847045898432, 15.219309806823958], [80.07819366455095, 15.18902683258068], [80.04596710205095, 15.209308624267692], [80.06097412109403, 15.190415382385254], [80.08125305175798, 15.185971260071028], [80.04792022705084, 15.077349662780762], [80.08875274658209, 14.811532020568961], [80.0806961059572, 14.810141563415641], [80.06819152832043, 14.819581985473746], [80.06291961669922, 14.82124996185297], [80.0593032836914, 14.819860458374137], [80.08180236816406, 14.80764102935791], [80.09320068359403, 14.810141563415641], [80.1296005249024, 14.692070960998592], [80.13569641113287, 14.718750953674316], [80.19902801513678, 14.587082862853947], [80.17236328125028, 14.535140991211051], [80.16986083984386, 14.36069393157959], [80.12208557128923, 14.114583969116211], [80.24485778808622, 13.81958389282238], [80.23625183105497, 13.639860153198242], [80.31513977050787, 13.43375110626232], [80.28763580322283, 13.459312438964844], [80.26431274414091, 13.561249732971248], [80.14402770996111, 13.701526641845817], [80.14708709716797, 13.724310874939079], [80.12985992431635, 13.723751068115234], [80.13847351074236, 13.612915992737044], [80.10874938964844, 13.64208030700695], [80.12596893310553, 13.670420646667594], [80.10679626464844, 13.674031257629451], [80.1115264892581, 13.692640304565543], [80.10679626464844, 13.709309577941951], [80.10041809082037, 13.702082633972282], [80.10346984863287, 13.654310226440373], [80.07930755615229, 13.655970573425236], [80.09485626220709, 13.647360801696834], [80.05095672607422, 13.588191986084212], [80.11541748046892, 13.507640838623047], [80.2620925903322, 13.472920417785815], [80.26847076416044, 13.41736221313488], [80.277641296387, 13.435694694519043], [80.31625366210955, 13.428473472595329], [80.32986450195318, 13.387084007263297], [80.3243026733399, 13.370694160461596], [80.32903289794939, 13.36653041839594], [80.33069610595697, 13.3929195404055], [80.31931304931658, 13.423749923706055], [80.32624816894537, 13.429861068725586], [80.32514190673857, 13.437919616699219], [80.32457733154325, 13.439029693603743], [80.32569122314482, 13.443750381469954], [80.34652709960932, 13.291527748108138], [80.30625152587919, 13.215141296386719], [80.33374786376947, 13.235139846801871], [80.26680755615229, 13.013194084167424], [80.24791717529291, 12.805151939392204], [80.23264312744169, 12.846250534057674], [80.23180389404303, 12.784860610961857], [80.24819183349615, 12.80263996124279], [80.25402832031244, 12.77903079986578], [80.18541717529314, 12.57763862609869], [80.18152618408232, 12.609862327575797], [80.1648559570313, 12.60374927520752], [80.18458557128935, 12.574583053588867], [80.15598297119135, 12.466810226440373], [80.0506973266601, 12.325969696045036], [80.06402587890653, 12.349860191345499], [80.05819702148455, 12.36736202240013], [80.01708221435575, 12.340419769287166], [80.01374816894548, 12.322641372680721], [80.06318664550787, 12.351250648498649], [80.00930786132807, 12.256526947021598], [80.01152801513678, 12.2726411819458], [79.94458007812506, 12.220141410827637], [80.00708007812517, 12.254583358764648], [79.88318634033232, 12.061531066894474], [79.82375335693376, 11.881810188293457], [79.8009719848634, 11.883751869201774], [79.79069519042997, 11.878748893737793], [79.81986236572277, 11.869304656982479], [79.75708007812506, 11.563750267028809], [79.82736206054688, 11.362921714782715], [79.80959320068388, 11.383750915527571], [79.81069183349615, 11.370970726013411], [79.83819580078153, 11.354860305786417], [79.8465423583985, 11.244029998779524], [79.80458068847662, 11.236251831054858], [79.84014129638672, 11.229030609131144], [79.847640991211, 11.24292087554926], [79.855697631836, 11.182084083557072], [79.85263824462896, 10.83096885681175], [79.82375335693376, 10.817641258239973], [79.85152435302763, 10.825972557067871], [79.88291931152344, 10.302359580993596], [79.83569335937511, 10.275416374206543], [79.742919921875, 10.275137901306152], [79.78485870361345, 10.280694961547795], [79.75708007812506, 10.312083244323787], [79.7698593139649, 10.303194046020451], [79.77569580078142, 10.301532745361271], [79.77847290039074, 10.302362442016658], [79.76125335693365, 10.313195228576888], [79.73014068603516, 10.3109712600708], [79.71041870117216, 10.325151443481445], [79.63652801513678, 10.31819057464594], [79.62985992431646, 10.363195419311467], [79.61347198486334, 10.317360877990723], [79.55124664306646, 10.312358856201456], [79.55541992187517, 10.3084726333621], [79.66236114501947, 10.289040565490836], [79.6734695434572, 10.301532745361271], [79.68180847167997, 10.29013919830328], [79.73902893066435, 10.277359962463436], [79.52652740478544, 10.305416107177734], [79.58875274658203, 10.332637786865405], [79.54514312744146, 10.347920417785815], [79.5256958007813, 10.318470954895076], [79.51235961914068, 10.337638854980582], [79.49541473388683, 10.318749427795467], [79.48652648925798, 10.335695266723633], [79.45597076416044, 10.342082977294979], [79.48652648925798, 10.326250076294059], [79.457084655762, 10.320418357849178], [79.51763916015642, 10.316248893737793], [79.51013946533232, 10.3084726333621], [79.38291931152372, 10.315973281860295], [79.28708648681646, 10.253750801086426], [79.2290267944336, 10.14431095123291], [79.22846984863298, 10.092082023620549], [79.26736450195312, 10.037916183471737], [79.1551361083985, 9.932360649108944], [79.12180328369169, 9.854579925537166], [78.9815292358399, 9.69042110443121], [78.898178100586, 9.489031791687012], [78.93930816650408, 9.40625190734886], [79.03430175781267, 9.318470954895133], [79.19069671630876, 9.281808853149357], [78.83486175537115, 9.24514198303251], [78.83013916015653, 9.254305839538631], [78.83458709716797, 9.264305114746321], [78.83458709716797, 9.267083168029899], [78.83264160156278, 9.268760681152457], [78.82875061035162, 9.25485992431652], [78.8323593139649, 9.243195533752498], [78.71847534179705, 9.19013977050787], [78.6579132080081, 9.192361831664982], [78.64235687255876, 9.173749923706168], [78.65735626220732, 9.15764141082775], [78.57818603515653, 9.1312513351441], [78.48401641845703, 9.127919197082804], [78.4890213012697, 9.13292026519781], [78.49069213867188, 9.144862174987907], [78.48874664306669, 9.150137901306096], [78.4817962646485, 9.127361297607365], [78.36541748046892, 9.092082023620776], [78.2726364135745, 9.005417823791447], [78.26819610595709, 9.016250610351676], [78.260971069336, 9.01875114440918], [78.16874694824236, 8.882081985473633], [78.15736389160162, 8.771528244018555], [78.19097137451178, 8.765418052673283], [78.19847106933588, 8.789031982421932], [78.23013305664057, 8.748750686645508], [78.19763946533209, 8.763194084167594], [78.22347259521484, 8.745971679687614], [78.17069244384766, 8.745141029357967], [78.12763977050787, 8.650420188903752], [78.1226425170899, 8.662360191345272], [78.10485839843767, 8.651530265808105], [78.09652709960943, 8.58125019073492], [78.11486053466803, 8.5798597335816], [78.13597106933611, 8.592081069946403], [78.10180664062517, 8.59236145019554], [78.11042022705078, 8.612360000610522], [78.11180877685553, 8.600139617920036], [78.12236022949247, 8.598191261291447], [78.12735748291033, 8.638471603393782], [78.1387481689456, 8.588750839233512], [78.13041687011736, 8.497078895568961], [78.0654067993164, 8.420420646667537], [78.04959106445318, 8.38041973114008], [78.06708526611345, 8.370695114135799], [77.80403137207026, 8.248195648193416], [77.74624633789057, 8.177082061767862], [77.57569122314482, 8.135695457458723], [77.55097198486345, 8.076525688171444], [77.31597137451189, 8.12097167968767], [76.98486328125017, 8.376251220703182], [76.63180541992205, 8.836251258850098], [76.5462493896485, 8.902359962463436], [76.46347808837896, 9.134029388427848], [76.48374938964872, 9.12680530548107], [76.49041748046903, 9.170140266418457], [76.47070312500006, 9.142359733581657], [76.42263793945318, 9.24569320678711], [76.46791839599638, 9.142919540405273], [76.46125030517607, 9.139583587646428], [76.33791351318376, 9.415971755981445], [76.23847198486357, 9.966810226440543], [76.25319671630876, 9.969582557678166], [76.26541900634783, 9.934579849243164], [76.29541778564459, 9.91792011260992], [76.29652404785173, 9.892915725708121], [76.29208374023432, 9.908473014831543], [76.26652526855463, 9.912361145019531], [76.26541900634783, 9.896805763244686], [76.2573623657226, 9.915699958801213], [76.26957702636713, 9.866251945495549], [76.27569580078125, 9.894029617309684], [76.28763580322277, 9.898471832275504], [76.28458404541027, 9.832638740539778], [76.30291748046903, 9.847359657287598], [76.29569244384794, 9.889862060546875], [76.31931304931669, 9.876251220703239], [76.31680297851568, 9.844860076904581], [76.32180786132841, 9.80764198303234], [76.34764099121111, 9.71180629730253], [76.32068634033197, 9.871250152588061], [76.34902954101568, 9.827920913696289], [76.37069702148455, 9.820142745971793], [76.35958099365263, 9.798750877380428], [76.36069488525419, 9.70041656494152], [76.39875030517595, 9.67430496215843], [76.36708068847673, 9.610973358154354], [76.35708618164091, 9.525416374206486], [76.38319396972668, 9.506526947021598], [76.38319396972668, 9.525972366333178], [76.44235229492216, 9.511251449585188], [76.47902679443376, 9.528751373291243], [76.48042297363287, 9.511251449585188], [76.50208282470697, 9.530973434448356], [76.46652221679693, 9.559311866760197], [76.46347045898443, 9.543472290039233], [76.4179229736331, 9.55958080291748], [76.4145812988283, 9.694309234619368], [76.38291931152361, 9.70263957977295], [76.3909759521485, 9.742085456848429], [76.36791992187506, 9.79014015197771], [76.38124847412115, 9.826811790466593], [76.38402557373047, 9.827082633972225], [76.39430236816435, 9.817915916443042], [76.3951416015625, 9.818194389343205], [76.35402679443388, 9.910695075989054], [76.34014129638666, 9.919584274291992], [76.32402801513678, 9.915419578552246], [76.34319305419916, 9.885141372680664], [76.32930755615251, 9.902920722961369], [76.33541870117205, 9.884026527405013], [76.31874847412138, 9.88876056671171], [76.32152557373053, 9.892361640930233], [76.31708526611345, 9.894306182861271], [76.3181915283206, 9.902085304260424], [76.31318664550787, 9.908750534057845], [76.31430816650396, 9.91319465637207], [76.30403137207037, 9.934305191040153], [76.31153106689447, 9.948472023010254], [76.30014038085955, 9.93680858612072], [76.30458068847662, 9.92903137207054], [76.30347442626982, 9.925694465637434], [76.26736450195318, 10.032084465027083], [76.26013946533209, 10.034311294555664], [76.2573623657226, 10.023193359375], [76.26819610595732, 9.982641220092887], [76.24958038330095, 10.029862403869572], [76.26625061035162, 10.037360191345272], [76.25402832031256, 10.039319992065373], [76.24041748046892, 10.07097339630144], [76.25708007812506, 10.045970916748217], [76.2645797729495, 10.079310417175236], [76.25263977050798, 10.083749771118391], [76.2520828247072, 10.093194961547795], [76.23680877685564, 10.114032745361271], [76.2304153442384, 10.114027976989973], [76.23124694824219, 10.121530532837141], [76.2273559570313, 10.122640609741325], [76.22846984863287, 10.124860763549862], [76.22569274902372, 10.127082824707145], [76.22902679443365, 10.113750457763729], [76.23513793945318, 10.110972404479924], [76.23097229003912, 10.109583854675577], [76.24263763427763, 10.076251983642692], [76.23930358886736, 10.075139045715446], [76.2056961059572, 10.147082328796387], [76.21041870117216, 10.091250419616756], [76.23014068603533, 10.05986213684082], [76.21958160400419, 10.068472862243937], [76.23874664306646, 10.03042030334484], [76.2304153442384, 10.016804695129565], [76.23708343505865, 10.015973091125772], [76.23735809326189, 9.996805191040096], [76.23958587646513, 9.99514198303234], [76.24208068847685, 9.978194236755598], [76.24541473388672, 9.97236156463623], [76.2240295410158, 9.977079391479549], [76.1659698486331, 10.174860954284611], [76.20263671875, 10.139027595520133], [76.17708587646501, 10.182639122009277], [76.19152832031278, 10.19431114196783], [76.15985870361357, 10.188471794128418], [76.09930419921892, 10.380694389343262], [76.03402709960938, 10.525694847107047], [76.05263519287115, 10.532082557678393], [76.05236053466814, 10.543472290039006], [76.06346893310553, 10.53569316864025], [76.06764221191423, 10.544584274291935], [76.04958343505865, 10.546806335449446], [76.04736328124994, 10.567919731140421], [76.04291534423834, 10.574582099914778], [76.04152679443365, 10.575421333313102], [76.04818725585955, 10.535141944885254], [76.03180694580084, 10.53708362579357], [76.03097534179688, 10.526527404785327], [76.04013824462908, 10.511249542236555], [76.03624725341808, 10.510140419006518], [75.910140991211, 10.79236030578619], [75.82514190673857, 11.122917175293082], [75.83569335937517, 11.126529693603516], [75.8479232788086, 11.142641067504883], [75.86125183105486, 11.129584312438908], [75.85847473144537, 11.138471603393668], [75.84513854980497, 11.143759727478027], [75.82485961914068, 11.125416755676497], [75.80180358886724, 11.158193588257006], [75.8065261840822, 11.162639617919979], [75.81069183349626, 11.157084465026912], [75.815971374512, 11.159859657287654], [75.82234954834001, 11.155971527099894], [75.82875061035185, 11.158193588257006], [75.81236267089872, 11.162362098693904], [75.82902526855486, 11.180695533752726], [75.80208587646479, 11.162637710571403], [75.68264007568388, 11.448195457458553], [75.61736297607428, 11.477083206176985], [75.54235839843767, 11.68181133270275], [75.47207641601591, 11.76375961303711], [75.4934692382812, 11.756250381469727], [75.50763702392595, 11.761247634887695], [75.47486114501959, 11.766529083252067], [75.50013732910185, 11.798194885253906], [75.4743041992188, 11.803471565246582], [75.47486114501959, 11.799580574035588], [75.4843063354495, 11.796251296997184], [75.48680877685547, 11.791805267333984], [75.45986175537138, 11.765417098999137], [75.45347595214861, 11.771251678467024], [75.46041870117199, 11.776809692382812], [75.46347045898449, 11.785140991211051], [75.46347045898449, 11.799030303955078], [75.46013641357439, 11.80735969543474], [75.45402526855486, 11.778471946716252], [75.31819152832026, 11.905417442321834], [75.30319213867193, 11.947085380554427], [75.35652923583979, 11.92847061157238], [75.37208557128912, 11.939583778381404], [75.38513946533197, 11.916529655456543], [75.40013885498053, 11.917071342468262], [75.37374877929705, 11.957361221313704], [75.35708618164091, 11.931250572204533], [75.30430603027361, 11.971249580383244], [75.315414428711, 11.95180511474615], [75.30790710449236, 11.952361106872843], [75.27902984619152, 12.002084732055607], [75.26541900634766, 12.007081031799316], [75.26819610595732, 12.023471832275504], [75.29873657226557, 12.00347042083746], [75.3331909179688, 12.010141372680664], [75.29930877685541, 12.016810417175463], [75.31624603271513, 12.046250343323038], [75.3281860351563, 12.035970687866211], [75.3393020629884, 12.04819393157959], [75.31569671630888, 12.047639846801871], [75.31124877929693, 12.04403018951433], [75.31069183349621, 12.036805152893066], [75.3070831298831, 12.034309387207031], [75.31208038330072, 12.047916412353686], [75.3084716796875, 12.049310684204158], [75.29180908203136, 12.031526565551815], [75.29596710205084, 12.017642021179256], [75.28597259521484, 12.02985954284668], [75.27097320556646, 12.029582023620605], [75.26374816894537, 12.017084121704158], [75.26347351074236, 12.002917289733887], [75.3020858764649, 11.948470115661621], [75.23179626464844, 12.024029731750602], [75.20153045654303, 12.005416870117472], [75.17874908447294, 12.080694198608455], [75.18930816650408, 12.089583396911621], [75.19513702392607, 12.07014179229742], [75.20153045654303, 12.070420265197981], [75.20764160156256, 12.073472023010481], [75.21428680419939, 12.066809654236124], [75.2204208374024, 12.069310188293628], [75.18902587890653, 12.091251373291016], [75.17263793945341, 12.085701942444075], [75.17708587646501, 12.099029541015852], [75.18013763427751, 12.094870567321891], [75.1859664916995, 12.093470573425236], [75.1912460327149, 12.097081184387491], [75.19291687011736, 12.100680351257438], [75.19735717773443, 12.1173610687257], [75.1920928955081, 12.132642745971623], [75.18180847167963, 12.095140457153434], [75.12902832031267, 12.212081909179688], [75.1176376342774, 12.206250190735034], [75.05680847167974, 12.362360954284782], [75.06263732910173, 12.340971946716309], [74.97347259521496, 12.498748779296875], [74.82096862792986, 12.852361679077205], [74.82096862792986, 12.92931175231945], [74.80236053466803, 12.931249618530217], [74.77458190917997, 13.077637672424316], [74.78041839599615, 13.061527252197266], [74.7842407226563, 13.059032440185547], [74.78958129882818, 13.098750114440975], [74.77348327636736, 13.083189964294661], [74.69040679931646, 13.348469734191951], [74.71319580078142, 13.33069324493431], [74.72180175781267, 13.284029960632267], [74.72513580322277, 13.27819633483881], [74.72902679443376, 13.2770805358889], [74.73597717285162, 13.289590835571289], [74.71125030517607, 13.341811180114973], [74.69513702392584, 13.347640991211051], [74.67069244384783, 13.63374996185297], [74.60679626464861, 13.866529464721737], [74.61458587646484, 13.851249694824219], [74.62652587890636, 13.847915649414176], [74.63318634033209, 13.849029541015682], [74.50152587890625, 14.0226411819458], [74.51791381835955, 14.027083396911621], [74.48042297363293, 14.093200683594034], [74.47097015380876, 14.18347263336193], [74.35375976562506, 14.502921104431096], [74.37319183349615, 14.537082672119197], [74.38430786132841, 14.523750305175952], [74.39347076416044, 14.529311180114746], [74.38318634033232, 14.551811218261719], [74.3645858764649, 14.553762435913143], [74.3776397705081, 14.572361946105957], [74.3543090820313, 14.542915344238509], [74.33541870117193, 14.564861297607592], [74.35597229003923, 14.522079467773438], [74.3095932006836, 14.520690917968693], [74.24958038330084, 14.739583969116325], [74.20707702636724, 14.737640380859432], [74.20486450195307, 14.717915534973372], [74.1668090820313, 14.76653003692627], [74.15319824218767, 14.745969772339095], [74.14292144775408, 14.777920722961369], [74.09541320800798, 14.798750877380314], [74.12346649169939, 14.804861068725586], [74.13098144531256, 14.8462495803833], [74.11264038085943, 14.845970153808821], [74.0959701538086, 14.897640228271598], [74.0429229736331, 14.918471336364803], [74.0534744262697, 14.958193778991756], [74.03430938720732, 14.98375034332281], [74.05014038085966, 14.988195419311523], [73.98902893066412, 15.020140647888297], [73.96680450439482, 15.065972328186149], [73.9118041992188, 15.084028244018668], [73.94847106933605, 15.145972251892147], [73.8948593139649, 15.331810951233138], [73.87346649169928, 15.370141029357967], [73.8409729003908, 15.360416412353686], [73.78263854980486, 15.410415649414347], [73.87680816650385, 15.39680480957054], [73.89679718017607, 15.414859771728743], [73.84902954101568, 15.452082633972282], [73.78791046142607, 15.461250305175781], [73.80541992187511, 15.49485969543457], [73.76457977294928, 15.49458026885992], [73.73124694824247, 15.59041690826416], [73.75485992431646, 15.617361068725529], [73.73291778564459, 15.616811752319336], [73.69013977050781, 15.718482017517033], [73.64848327636747, 15.745690345764388], [73.67457580566435, 15.753190994262752], [73.66208648681658, 15.805142402648983], [73.63625335693388, 15.815693855285588], [73.5904159545899, 15.912361145019759], [73.50985717773455, 15.937360763550089], [73.48319244384766, 16.0359725952149], [73.45486450195341, 16.05513954162626], [73.44736480712896, 16.224582672119254], [73.42986297607433, 16.199031829834098], [73.41097259521496, 16.273469924926815], [73.41486358642578, 16.28319358825695], [73.43347167968756, 16.28375053405773], [73.43569946289062, 16.286529541015625], [73.41680908203142, 16.292358398437557], [73.41042327880888, 16.277919769287166], [73.38540649414068, 16.336530685425032], [73.3893051147461, 16.362083435058594], [73.39430236816423, 16.354860305786133], [73.41041564941435, 16.358194351196346], [73.41124725341814, 16.362083435058594], [73.36791992187494, 16.363470077514762], [73.37097167968744, 16.38959121704096], [73.37374877929693, 16.376251220703352], [73.40541839599615, 16.40486145019554], [73.36541748046903, 16.39763832092291], [73.31014251708984, 16.53791999816906], [73.33347320556646, 16.562362670898438], [73.36402893066412, 16.5159721374514], [73.36347961425793, 16.511810302734375], [73.35013580322277, 16.50708389282221], [73.34902954101591, 16.504301071166992], [73.39013671875006, 16.509862899780273], [73.34570312500006, 16.55652809143072], [73.37346649169922, 16.550140380859375], [73.39402770996122, 16.553750991821403], [73.35624694824247, 16.555416107177734], [73.31680297851557, 16.600969314575252], [73.35263824462919, 16.596530914306754], [73.35180664062506, 16.625139236450195], [73.3218078613283, 16.642362594604435], [73.339584350586, 16.685695648193416], [73.30541992187517, 16.729305267333928], [73.33319091796903, 16.81653022766119], [73.29541778564482, 16.816791534424112], [73.285697937012, 16.88070106506342], [73.31346893310553, 16.889030456542912], [73.27708435058622, 16.892084121704386], [73.29430389404291, 16.985971450805607], [73.27097320556652, 16.98652839660656], [73.28375244140636, 17.012083053588867], [73.2543029785158, 17.02736091613764], [73.2659759521485, 17.047639846801758], [73.28930664062528, 17.006820678711165], [73.28430938720709, 17.040138244628906], [73.31375122070307, 17.033195495605582], [73.3198623657226, 17.038194656372355], [73.29013824462908, 17.047639846801758], [73.27847290039057, 17.040418624878043], [73.29819488525396, 17.07847213745123], [73.23124694824224, 17.19819450378435], [73.24709320068365, 17.210420608520792], [73.2234725952149, 17.26652908325201], [73.18930816650396, 17.297920227051065], [73.22209167480474, 17.30291938781744], [73.22763824462896, 17.281530380248967], [73.24402618408209, 17.307361602783317], [73.2070770263673, 17.384309768676815], [73.16708374023432, 17.405138015747127], [73.20569610595709, 17.43902969360346], [73.18597412109375, 17.44180488586437], [73.18402862548857, 17.505699157714844], [73.13708496093761, 17.555973052978516], [73.16847229003923, 17.58236122131359], [73.1270828247072, 17.63708114624046], [73.11402893066435, 17.694309234619368], [73.13513946533209, 17.716249465942667], [73.08735656738276, 17.838750839233455], [73.09375, 17.84180831909208], [73.11486053466814, 17.833469390869084], [73.1248626708985, 17.83597183227539], [73.12930297851591, 17.833194732666072], [73.1323623657226, 17.825429916381893], [73.13319396972656, 17.824583053588867], [73.13403320312528, 17.82513999938982], [73.13124847412126, 17.832361221313533], [73.12513732910173, 17.836811065674055], [73.09041595458984, 17.843751907348633], [73.07597351074219, 17.89680480957037], [73.05014038085966, 17.906806945800724], [73.05208587646484, 17.929029464721793], [73.07235717773443, 17.927360534668082], [73.09236145019548, 17.940694808959904], [73.02960205078142, 17.944311141967887], [73.03819274902361, 17.984310150146598], [73.00208282470732, 18.021249771118278], [73.02346801757812, 18.02375030517578], [73.0454177856447, 18.041530609130973], [73.02958679199236, 18.032083511352596], [73.04041290283232, 18.053194046020508], [73.02513885498075, 18.0504207611084], [73.01569366455095, 18.032083511352596], [72.98986053466825, 18.055139541626033], [73.00290679931658, 18.075700759887695], [72.97097015380888, 18.132080078125], [72.98764038085955, 18.195140838623047], [72.93096923828125, 18.220417022705192], [72.93541717529303, 18.281530380249137], [72.96457672119158, 18.280139923095817], [72.98152923584001, 18.242080688476676], [73.06930541992193, 18.222082138061523], [73.05569458007807, 18.18708419799799], [73.08708190917974, 18.150417327880973], [73.05958557128912, 18.190694808960018], [73.08039855957037, 18.231252670288086], [73.04292297363281, 18.299030303955192], [73.08625030517595, 18.287916183471737], [73.08790588378935, 18.326810836791992], [73.04013824462896, 18.301530838012695], [73.05458068847673, 18.270420074463004], [73.0279159545899, 18.264305114746094], [72.91735839843761, 18.348470687866325], [72.9262466430664, 18.386529922485465], [72.89485931396513, 18.4637508392334], [72.90458679199247, 18.539304733276424], [72.92846679687494, 18.541810989379826], [72.85514068603521, 18.696809768676815], [72.86930847167997, 18.80458259582548], [72.91625213623075, 18.79236030578619], [72.94069671630876, 18.82792091369646], [72.9704132080081, 18.789859771728516], [72.98264312744135, 18.809579849243278], [72.98874664306635, 18.86597251892107], [72.92652893066435, 18.850971221923885], [72.90791320800798, 18.902084350585938], [72.95764160156278, 18.908472061157454], [72.93931579589872, 18.945970535278263], [72.95569610595732, 18.974029541015625], [72.9793090820313, 18.962638854980526], [73.01264190673845, 18.977638244628906], [73.03151702880876, 18.99319076538086], [73.03234863281256, 18.99930953979498], [73.02986145019537, 19.00209045410162], [73.00290679931658, 19.00152969360346], [72.99291992187528, 19.059032440185774], [72.96319580078125, 19.0584716796875], [72.90930175781256, 18.991249084472713], [72.86207580566435, 19.002918243408203], [72.84486389160162, 18.924861907958984], [72.80764007568365, 18.890970230102596], [72.823471069336, 18.941530227661246], [72.79181671142584, 18.95070075988781], [72.81458282470732, 19.02708244323742], [72.83819580078136, 19.039281845092887], [72.81597137451189, 19.042360305786133], [72.82681274414057, 19.094030380249137], [72.80346679687506, 19.141532897949446], [72.82958221435553, 19.16596984863287], [72.82986450195307, 19.18236351013195], [72.79347229003923, 19.129859924316406], [72.78013610839861, 19.166250228881893], [72.79458618164062, 19.172080993652457], [72.79680633544933, 19.199029922485465], [72.83958435058588, 19.25069236755371], [72.83957672119169, 19.267360687255973], [72.7823638916015, 19.193195343017692], [72.79902648925781, 19.331251144409237], [72.75763702392578, 19.375972747802734], [72.7445831298831, 19.462921142578352], [72.78013610839861, 19.49125289916998], [72.78624725341797, 19.52597236633312], [72.76486206054705, 19.504304885864258], [72.71819305419928, 19.53874969482439], [72.71263885498053, 19.595970153808764], [72.73792266845697, 19.597919464111442], [72.69374847412115, 19.7293128967288], [72.70874786376947, 19.72624969482422], [72.71930694580084, 19.755140304565543], [72.69346618652372, 19.73569107055664], [72.69568634033209, 19.804861068725813], [72.6506958007813, 19.839580535888786], [72.68125152587919, 19.865139007568473], [72.66430664062494, 19.93292045593256], [72.69013977050787, 19.95819473266613], [72.7198562622072, 19.968751907348633], [72.73430633544916, 19.942638397216797], [72.75402832031256, 19.939029693603516], [72.75485992431669, 19.927360534668196], [72.7554168701173, 19.939029693603516], [72.75374603271513, 19.942640304565543], [72.71624755859375, 19.972360610961914], [72.70764160156267, 20.070140838623104], [72.73819732666021, 20.114583969116268], [72.74041748046875, 20.242919921874943], [72.7756958007812, 20.333471298217717], [72.8226394653322, 20.367637634277457], [72.83264160156256, 20.445972442626953], [72.88484954834001, 20.499860763549805], [72.89763641357422, 20.58708381652832], [72.85098266601574, 20.741527557373104], [72.87014007568376, 20.732631683349553], [72.88986206054693, 20.73903083801281], [72.88957977294939, 20.748195648193416], [72.83458709716825, 20.781805038452376], [72.85069274902361, 20.79903030395525], [72.79181671142584, 20.8965301513673], [72.79374694824224, 20.945142745971793], [72.77124786376964, 20.91624069213873], [72.7243041992188, 21.034027099609432], [72.77041625976562, 21.066804885864258], [72.70430755615246, 21.07485961914074], [72.72069549560553, 21.1431941986084], [72.68125152587919, 21.158470153808594], [72.6670761108399, 21.155418395996094], [72.6617965698245, 21.147640228271598], [72.652641296387, 21.078191757202205], [72.62708282470732, 21.075969696044922], [72.61846923828136, 21.22263908386242], [72.64680480957048, 21.217361450195426], [72.65235900878912, 21.220138549804915], [72.65319824218778, 21.226804733276424], [72.60958099365251, 21.229860305786133], [72.6048583984375, 21.277360916137695], [72.58735656738287, 21.275688171386776], [72.59569549560564, 21.315971374511832], [72.64930725097662, 21.367361068725813], [72.62319183349615, 21.36513900756836], [72.62541961669939, 21.381530761718807], [72.69680786132818, 21.4645805358889], [72.64514160156256, 21.433750152588004], [72.67402648925776, 21.52042007446289], [72.73680877685564, 21.53819656372076], [72.74180603027344, 21.54347229003912], [72.74236297607439, 21.550140380859432], [72.68319702148438, 21.542919158935547], [72.62568664550787, 21.492359161376953], [72.59735870361322, 21.55236053466797], [72.62930297851568, 21.617650985717887], [72.70096588134783, 21.651811599731673], [72.723197937012, 21.63875007629406], [72.7873611450197, 21.64513969421398], [72.83513641357428, 21.66792106628418], [72.7798614501956, 21.66319465637207], [72.73625183105486, 21.689582824707088], [72.54736328125028, 21.65847015380882], [72.50818634033209, 21.689857482910156], [72.56986236572294, 21.824308395385742], [72.51708221435564, 21.858472824096737], [72.5048599243164, 21.98097229003912], [72.54763793945312, 22.150693893432674], [72.59152984619146, 22.207920074463004], [72.64736175537126, 22.217084884643782], [72.75402832031256, 22.173194885253906], [72.8087463378908, 22.245971679687614], [72.87790679931669, 22.223751068115348], [72.91042327880865, 22.24319267272955], [72.91596984863287, 22.278194427490234], [72.88930511474615, 22.244028091430664], [72.86514282226557, 22.243461608886776], [72.84375000000028, 22.28236389160179], [72.7520828247072, 22.23097038269043], [72.6879196166995, 22.23846817016613], [72.63541412353521, 22.28458213806175], [72.54125213623075, 22.243194580078125], [72.55374908447271, 22.278190612793026], [72.54264068603533, 22.280971527099894], [72.48596954345697, 22.197359085083065], [72.49291992187506, 22.248193740844727], [72.47069549560575, 22.2387504577639], [72.4351425170899, 22.301250457763842], [72.38874816894548, 22.310417175293026], [72.4123611450197, 22.358472824096793], [72.39375305175787, 22.38264083862316], [72.362358093262, 22.37625122070324], [72.40402984619146, 22.353200912475586], [72.37236022949224, 22.31652641296398], [72.41402435302763, 22.29708480834961], [72.41652679443388, 22.227361679077376], [72.39958190917986, 22.199306488037166], [72.37985992431652, 22.257360458374308], [72.35624694824247, 22.271249771118107], [72.36207580566412, 22.20514106750511], [72.39152526855497, 22.16791534423851], [72.37596893310564, 22.149860382080078], [72.35901641845709, 22.172641754150504], [72.36374664306658, 22.1890296936038], [72.35764312744158, 22.192920684814624], [72.34349060058588, 22.124860763549748], [72.31624603271501, 22.146530151367415], [72.31764221191412, 22.180694580078352], [72.29430389404314, 22.202362060547046], [72.31263732910173, 22.180694580078352], [72.31041717529303, 22.14458084106451], [72.32375335693365, 22.130136489868164], [72.27098083496122, 21.967639923095646], [72.2784729003908, 21.932079315185774], [72.24153137207037, 22.049583435058764], [72.29792022705095, 22.06347084045416], [72.30014038085966, 22.108749389648438], [72.27735900878923, 22.090694427490234], [72.27680206298834, 22.09819412231451], [72.26541900634777, 22.105419158935547], [72.27819061279303, 22.080419540405217], [72.23319244384794, 22.05375289916998], [72.23263549804716, 22.017639160156307], [72.18596649169939, 22.019580841064453], [72.1820831298831, 22.035140991211165], [72.17236328125028, 22.041530609131087], [72.17986297607439, 22.01902770996105], [72.20041656494169, 22.004304885864315], [72.21373748779325, 21.9990291595459], [72.23097229003923, 22.00764083862333], [72.22097015380865, 21.956251144409123], [72.19069671630888, 21.94235992431635], [72.14653015136724, 21.983472824096964], [72.14708709716814, 21.954860687255803], [72.19013977050776, 21.93708038330078], [72.22013854980486, 21.947919845581055], [72.25319671630865, 21.897361755371037], [72.26457977294939, 21.74041748046875], [72.24708557128912, 21.79097175598139], [72.20319366455084, 21.824861526489315], [72.1970825195313, 21.827360153198242], [72.18930816650396, 21.828199386596737], [72.18541717529314, 21.827360153198242], [72.18291473388689, 21.823749542236385], [72.2412490844726, 21.78736114501953], [72.30596923828142, 21.628469467163313], [72.22319793701172, 21.438749313354606], [72.12152862548845, 21.325420379638786], [72.10901641845714, 21.2829208374024], [72.07597351074224, 21.30208396911621], [72.11374664306646, 21.19652748107933], [72.00763702392595, 21.132642745971623], [71.99680328369146, 21.147363662719783], [72.02375030517584, 21.179861068725813], [72.01069641113298, 21.185970306396598], [71.97680664062506, 21.12096977233915], [71.81986236572277, 21.07208251953125], [71.7968063354495, 21.057920455932617], [71.80680847167986, 21.03791618347168], [71.51486206054693, 20.948194503784293], [71.5159759521485, 20.92235946655302], [71.43818664550787, 20.8687496185305], [71.37790679931646, 20.87402915954607], [71.3845825195313, 20.857084274291992], [71.07375335693388, 20.735416412353572], [70.98680877685564, 20.722080230712947], [70.99874877929699, 20.742921829223633], [70.9615325927735, 20.741249084472713], [70.96236419677763, 20.721805572509766], [70.99764251709013, 20.715694427490234], [70.97708129882812, 20.701530456543026], [70.8806915283206, 20.709583282470703]], [[89.85957336425793, 25.47339057922369], [89.86402893066409, 25.47286033630373], [89.85511016845703, 25.476049423217887], [89.85957336425793, 25.47339057922369]], [[89.8711776733399, 25.53695106506376], [89.87117767333996, 25.536951065063658], [89.87145233154291, 25.53729820251459], [89.8711776733399, 25.53695106506376]], [[84.71185302734403, 19.100030899048136], [84.69754791259794, 19.108818054199162], [84.71903228759771, 19.095844268799055], [84.71185302734403, 19.100030899048136]], [[79.83069610595709, 11.940249443054483], [79.82540130615263, 11.940149307250977], [79.83763885498075, 11.94054985046398], [79.83069610595709, 11.940249443054483]], [[79.84329223632818, 10.812251091003702], [79.83571624755888, 10.811721801757812], [79.85124969482439, 10.813771247863826], [79.84329223632818, 10.812251091003702]], [[75.3087921142581, 12.053791046142692], [75.30879211425794, 12.05379104614266], [75.31166839599638, 12.04930591583252], [75.3087921142581, 12.053791046142692]], [[75.23105621337908, 12.024561882019157], [75.231056213379, 12.024561882019244], [75.23069763183611, 12.024140357971305], [75.23105621337908, 12.024561882019157]], [[79.9117279052735, 28.75928115844755], [79.91014099121094, 28.763330459594727], [79.91808319091808, 28.752199172973746], [79.9117279052735, 28.75928115844755]], [[79.89450836181658, 28.77900123596214], [79.89209747314459, 28.781259536743164], [79.8992691040039, 28.773860931396484], [79.89450836181658, 28.77900123596214]], [[79.89813232421892, 28.794887542724837], [79.9005661010745, 28.79940032959007], [79.8981323242188, 28.79488754272476], [79.89813232421892, 28.794887542724837]], [[79.88604736328153, 28.79881095886259], [79.88012695312511, 28.79681968688965], [79.89480590820318, 28.801450729370345], [79.88604736328153, 28.79881095886259]], [[79.87307739257841, 28.796461105346907], [79.86728668212896, 28.796449661254996], [79.88012695312511, 28.79681968688965], [79.87307739257841, 28.796461105346907]], [[79.86728668212896, 28.796449661254996], [79.85336303710943, 28.800800323486555], [79.84648895263672, 28.804960250854435], [79.86728668212896, 28.796449661254996]], [[79.84648895263672, 28.804960250854435], [79.84332275390653, 28.815040588379134], [79.84620666503935, 28.82130050659208], [79.84648895263672, 28.804960250854435]], [[79.87123870849626, 28.816410064697436], [79.87257986218285, 28.81699914782715], [79.87123870849614, 28.816410064697454], [79.87123870849626, 28.816410064697436]], [[79.87563323974626, 28.8183403015139], [79.87547302246111, 28.8212890625], [79.87563323974625, 28.818340301513896], [79.87563323974626, 28.8183403015139]], [[79.87532043457037, 28.830240249633732], [79.86061096191412, 28.834131240844954], [79.85560607910173, 28.839059829712085], [79.87532043457037, 28.830240249633732]], [[79.8140716552735, 28.810609817505053], [79.81128692626982, 28.81138038635254], [79.81591033935541, 28.812259674072493], [79.8140716552735, 28.810609817505053]], [[79.80419921875006, 28.807060241699503], [79.8030395507813, 28.805589675903434], [79.80503845214838, 28.80873107910179], [79.80419921875006, 28.807060241699503]], [[79.78214263916011, 28.813190460205174], [79.7821426391601, 28.813190460205135], [79.78336334228521, 28.805419921875], [79.78214263916011, 28.813190460205174]], [[79.7861709594728, 28.820930480957035], [79.78617095947266, 28.820930480957088], [79.78352153907915, 28.81583988059881], [79.7861709594728, 28.820930480957035]], [[79.79704284667986, 28.816490173339844], [79.79782104492205, 28.82081031799339], [79.79479217529314, 28.814731597900447], [79.79704284667986, 28.816490173339844]], [[79.79367065429696, 28.839260101318516], [79.79367065429693, 28.83926010131836], [79.79920196533209, 28.836231231689453], [79.79367065429696, 28.839260101318516]], [[79.80693817138666, 28.866310119629134], [79.80574035644543, 28.869050979614485], [79.80863189697294, 28.862831115722656], [79.80693817138666, 28.866310119629134]], [[79.79485321044928, 28.869871139526367], [79.79125213623075, 28.87380981445341], [79.79064178466803, 28.877429962158203], [79.79485321044928, 28.869871139526367]], [[79.774467468262, 28.891830444335938], [79.77446746826186, 28.891830444335913], [79.79064178466803, 28.877429962158203], [79.774467468262, 28.891830444335938]], [[77.18686676025405, 28.866819381713835], [77.19348907470697, 28.8653507232666], [77.18686676025408, 28.866819381713867], [77.18686676025405, 28.866819381713835]], [[77.19964599609375, 28.86494064331066], [77.21147155761719, 28.854930877685547], [77.2106170654298, 28.845291137695312], [77.21732330322277, 28.835279464721793], [77.21417713801219, 28.816645615894405], [77.19964599609375, 28.86494064331066]], [[77.19461059570324, 28.815362930297795], [77.19444274902338, 28.8022918701173], [77.19461059570341, 28.815362930297777], [77.19461059570324, 28.815362930297795]], [[77.20269012451172, 28.789409637451286], [77.20845031738287, 28.787189483642578], [77.19692230224604, 28.795280456542912], [77.20269012451172, 28.789409637451286]], [[77.22467803955084, 28.78762817382824], [77.21710205078136, 28.781681060791016], [77.22090911865246, 28.777900695800895], [77.22467803955084, 28.78762817382824]], [[77.23799133300781, 28.759220123291072], [77.24585723876959, 28.757350921630916], [77.22904205322271, 28.772438049316406], [77.23799133300781, 28.759220123291072]], [[77.25319671630854, 28.75279045104986], [77.24846649169939, 28.757530212402344], [77.24846649169923, 28.757530212402333], [77.25319671630854, 28.75279045104986]], [[77.25991821289062, 28.738122940063477], [77.25991821289075, 28.738122940063498], [77.25617218017584, 28.73991966247553], [77.25991821289062, 28.738122940063477]], [[77.27111816406244, 28.738189697265682], [77.28069305419922, 28.730020523071346], [77.28441619873057, 28.723930358886868], [77.27111816406244, 28.738189697265682]], [[77.28489685058594, 28.712459564208984], [77.29294586181646, 28.709770202636776], [77.28365325927746, 28.71898269653326], [77.28489685058594, 28.712459564208984]], [[77.29563140869146, 28.71303939819336], [77.30622100830072, 28.717670440673885], [77.31716156005865, 28.717220306396484], [77.29563140869146, 28.71303939819336]], [[77.32348632812499, 28.715871810913214], [77.32348632812506, 28.71587181091337], [77.31716156005865, 28.717220306396484], [77.32348632812499, 28.715871810913214]], [[77.3175659179688, 28.671619415283203], [77.31533050537121, 28.65137100219721], [77.31380844639499, 28.648191446793824], [77.31533050537138, 28.65137100219721], [77.3175659179688, 28.671619415283203]], [[77.33636448346401, 28.610037112605607], [77.32095336914062, 28.636020660400447], [77.33045959472656, 28.63141059875494], [77.33422088623058, 28.626991271972713], [77.33636448346401, 28.610037112605607]], [[77.3331527709961, 28.606712341308594], [77.3278427124024, 28.604881286621207], [77.33441266490955, 28.60760965869914], [77.3331527709961, 28.606712341308594]], [[77.31694030761719, 28.59996032714855], [77.3099212646485, 28.598960876464957], [77.3278427124024, 28.604881286621207], [77.31694030761719, 28.59996032714855]], [[77.30713653564464, 28.596910476684684], [77.29490661621105, 28.58242988586437], [77.3099212646485, 28.598960876464957], [77.30713653564464, 28.596910476684684]], [[77.29364776611328, 28.579719543457145], [77.2951889038086, 28.561201095580998], [77.3030624389649, 28.55045127868658], [77.29364776611328, 28.579719543457145]], [[77.3215103149414, 28.535850524902457], [77.33051300048834, 28.52410125732422], [77.31488800048834, 28.54149055480957], [77.3215103149414, 28.535850524902457]], [[77.333969116211, 28.52070236206066], [77.33682250976568, 28.515680313110465], [77.33051300048834, 28.52410125732422], [77.333969116211, 28.52070236206066]], [[77.33773803710936, 28.508970260620238], [77.33773803710955, 28.508970260620117], [77.33682250976568, 28.515680313110465], [77.33773803710936, 28.508970260620238]], [[84.41513061523455, 19.013860702514705], [84.42002105712919, 19.01251983642578], [84.41464996337896, 19.012359619140625], [84.41513061523455, 19.013860702514705]], [[84.42980194091797, 19.001180648803654], [84.42980194091811, 19.001180648803683], [84.42218780517595, 19.008531570434513], [84.42980194091797, 19.001180648803654]], [[84.43739318847685, 18.997459411621094], [84.43297576904325, 19.00185966491722], [84.43297576904311, 19.00185966491719], [84.43739318847685, 18.997459411621094]], [[84.47306060791044, 18.982641220092887], [84.47569274902355, 18.991739273071232], [84.47165679931646, 18.981220245361555], [84.47306060791044, 18.982641220092887]], [[84.47782897949247, 19.007890701294002], [84.4755172729495, 18.996032714844034], [84.4755172729495, 18.996032714843892], [84.47782897949247, 19.007890701294002]], [[84.48206329345703, 19.009908676147575], [84.48206329345712, 19.009908676147706], [84.47782897949247, 19.007890701294002], [84.48206329345703, 19.009908676147575]], [[84.50308990478516, 19.029262542724666], [84.50711059570318, 19.03544807434082], [84.5099182128908, 19.03746032714855], [84.50711059570318, 19.03544807434099], [84.50308990478516, 19.029262542724837], [84.49777984619146, 19.02487945556635], [84.50308990478516, 19.029262542724666]], [[84.5535964965822, 19.047409057617188], [84.5597229003908, 19.05956077575678], [84.54772186279297, 19.046091079712028], [84.5535964965822, 19.047409057617188]], [[84.56613922119169, 19.065038681030387], [84.56797027587896, 19.063470840454045], [84.5597229003908, 19.05956077575678], [84.56613922119169, 19.065038681030387]], [[84.57644653320341, 19.064561843872184], [84.57811737060558, 19.062128067016545], [84.57060241699236, 19.060411453247013], [84.57644653320341, 19.064561843872184]], [[84.57364654541033, 19.03511047363287], [84.57813262939482, 19.018901824951172], [84.58769226074247, 19.0129909515382], [84.57364654541033, 19.03511047363287]], [[84.6141891479495, 19.046720504760856], [84.6141891479494, 19.046720504761026], [84.60946655273438, 19.04673957824707], [84.6141891479495, 19.046720504760856]], [[84.61214487042473, 19.054301815366568], [84.6115264892581, 19.053730010986612], [84.61152648925813, 19.05373001098647], [84.61214487042473, 19.054301815366568]], [[84.62608337402361, 19.050291061401424], [84.63005828857416, 19.049591064453352], [84.62541198730474, 19.052780151367188], [84.62608337402361, 19.050291061401424]], [[84.63683319091803, 19.057149887085018], [84.64772796630865, 19.05608940124523], [84.63437652587896, 19.05554008483881], [84.63683319091803, 19.057149887085018]], [[84.6590118408206, 19.063648223877067], [84.66320037841825, 19.064451217651424], [84.65453338623047, 19.052310943603516], [84.6590118408206, 19.063648223877067]], [[84.66458892822266, 19.06629180908203], [84.66458892822259, 19.066291809082102], [84.66320037841825, 19.064451217651424], [84.66458892822266, 19.06629180908203]], [[84.6167831420899, 19.090000152588004], [84.61656951904314, 19.08520126342802], [84.61656951904314, 19.085201263428], [84.6167831420899, 19.090000152588004]], [[84.64037322998047, 19.122238159179744], [84.64037322998055, 19.122238159179904], [84.62931823730486, 19.120700836181754], [84.64037322998047, 19.122238159179744]], [[84.64729309082037, 19.120370864868164], [84.64170837402361, 19.124788284301985], [84.64170837402355, 19.12478828430189], [84.64729309082037, 19.120370864868164]], [[84.6645126342774, 19.128150939941463], [84.66590118408232, 19.135271072387752], [84.66117095947283, 19.121860504150504], [84.6645126342774, 19.128150939941463]], [[84.66929626464855, 19.155681610107422], [84.66929626464862, 19.155681610107443], [84.66501617431658, 19.15673065185547], [84.66929626464855, 19.155681610107422]], [[84.67022673450842, 19.155960399280925], [84.67807006835949, 19.153469085693416], [84.68141174316423, 19.149749755859432], [84.67022673450842, 19.155960399280925]], [[84.69213867187506, 19.151700973510742], [84.697563171387, 19.15029144287115], [84.68141174316423, 19.149749755859432], [84.69213867187506, 19.151700973510742]], [[84.7052230834961, 19.149009704589957], [84.70648193359384, 19.143560409546073], [84.7020874023438, 19.151149749755916], [84.7052230834961, 19.149009704589957]], [[84.697769165039, 19.11563110351591], [84.697769165039, 19.11563110351574], [84.69832611084013, 19.110309600830078], [84.697769165039, 19.11563110351591]], [[73.21631622314453, 20.121999740600586], [73.21774291992193, 20.106340408325252], [73.210952758789, 20.12360000610363], [73.21631622314453, 20.121999740600586]], [[73.21911621093761, 20.09749984741211], [73.21393585205084, 20.090641021728516], [73.21774291992193, 20.106340408325252], [73.21911621093761, 20.09749984741211]], [[73.21393585205084, 20.090641021728516], [73.20289611816418, 20.081050872802848], [73.19803619384766, 20.077810287475643], [73.19890594482433, 20.062271118164176], [73.18586730957037, 20.052900314330998], [73.1989059448245, 20.062271118164176], [73.19803619384783, 20.077810287475643], [73.20691680908232, 20.08371162414545], [73.21393585205084, 20.090641021728516]], [[73.2006912231447, 20.129699707031307], [73.19597625732428, 20.139940261840934], [73.210952758789, 20.12360000610363], [73.2006912231447, 20.129699707031307]], [[73.19609832763689, 20.15611267089855], [73.19609832763672, 20.15611267089855], [73.19532775878906, 20.150939941406364], [73.19609832763689, 20.15611267089855]], [[73.22833251953142, 20.180099487304744], [73.22833251953125, 20.180099487304744], [73.2267303466798, 20.176361083984318], [73.22833251953142, 20.180099487304744]], [[73.22778320312517, 20.187049865722656], [73.2193679809572, 20.19043922424322], [73.20993041992193, 20.19735145568859], [73.21936798095703, 20.19043922424322], [73.227783203125, 20.187049865722656], [73.22915649414068, 20.18429946899414], [73.22778320312517, 20.187049865722656]], [[73.19132995605486, 20.19860267639166], [73.19132995605469, 20.19860267639166], [73.19586944580102, 20.197521209716864], [73.19132995605486, 20.19860267639166]], [[73.18113708496105, 20.20240020751976], [73.18017578125006, 20.208608627319336], [73.1885375976563, 20.200620651245174], [73.18113708496105, 20.20240020751976]], [[73.16351318359392, 20.201469421386776], [73.16351318359375, 20.201469421386776], [73.16895294189472, 20.199689865112394], [73.16351318359392, 20.201469421386776]], [[73.15223693847673, 20.203189849853516], [73.15223693847656, 20.203189849853516], [73.15284729003912, 20.202760696411133], [73.15223693847673, 20.203189849853516]], [[73.14575195312517, 20.206979751586914], [73.14575195312511, 20.206979751586875], [73.14981842041021, 20.205600738525504], [73.14575195312517, 20.206979751586914]], [[73.13947296142595, 20.17312049865734], [73.14702606201183, 20.1710529327392], [73.14702606201189, 20.171052932739233], [73.13947296142595, 20.17312049865734]], [[73.12259674072294, 20.157751083374137], [73.12259674072277, 20.157751083374137], [73.12494659423828, 20.156660079955998], [73.12259674072294, 20.157751083374137]], [[73.10910034179682, 20.15920066833496], [73.10182952880888, 20.1641082763673], [73.09948730468756, 20.17257118225109], [73.10910034179682, 20.15920066833496]], [[73.0961608886719, 20.174240112304783], [73.09790802001953, 20.173349380493107], [73.09616088867205, 20.1742401123048], [73.0961608886719, 20.174240112304783]], [[73.08244323730469, 20.156589508056754], [73.08244323730483, 20.15658950805677], [73.07553100585932, 20.160079956054744], [73.08244323730469, 20.156589508056754]], [[73.07048034667974, 20.19737052917486], [73.0742263793947, 20.17728042602539], [73.07435607910185, 20.192520141601676], [73.07303619384794, 20.196130752563533], [73.07048034667974, 20.19737052917486]], [[73.06423950195341, 20.203161239624137], [73.07685852050776, 20.22980117797863], [73.0666275024414, 20.197879791259766], [73.06423950195341, 20.203161239624137]], [[73.08187866210955, 20.23281288146984], [73.08754730224604, 20.23397254943859], [73.07685852050776, 20.22980117797863], [73.08187866210955, 20.23281288146984]], [[73.11046600341814, 20.232130050659237], [73.11046600341797, 20.232130050659237], [73.10192871093756, 20.228942871093864], [73.11046600341814, 20.232130050659237]], [[73.12458038330095, 20.256719589233455], [73.13684844970709, 20.26046943664562], [73.11331176757812, 20.24418067932129], [73.12458038330095, 20.256719589233455]], [[73.1427078247072, 20.275289535522404], [73.14270782470703, 20.275289535522404], [73.14260101318365, 20.268630981445426], [73.1427078247072, 20.275289535522404]], [[73.15355682373047, 20.277019500732422], [73.15254211425807, 20.27667999267577], [73.1525421142581, 20.276679992675724], [73.15355682373047, 20.277019500732422]], [[73.1562576293947, 20.287429809570312], [73.15625762939453, 20.287429809570312], [73.1551971435548, 20.285419464111328], [73.1562576293947, 20.287429809570312]], [[73.17887878417997, 20.286460876464844], [73.1788787841798, 20.286460876464844], [73.17756330185202, 20.285485633084846], [73.17887878417997, 20.286460876464844]], [[73.17698669433622, 20.30088043212902], [73.1771087646485, 20.30759811401373], [73.1795425415039, 20.28986167907715], [73.17698669433622, 20.30088043212902]], [[73.17753601074247, 20.309070587158203], [73.17801666259766, 20.310710906982536], [73.1771087646485, 20.30759811401373], [73.17753601074247, 20.309070587158203]], [[73.17073822021499, 20.310529708862457], [73.16139984130876, 20.317190170288143], [73.15242004394545, 20.317470550537106], [73.17073822021499, 20.310529708862457]], [[73.14179229736334, 20.317461013794173], [73.14179229736334, 20.317461013794002], [73.14731597900396, 20.316829681396428], [73.14179229736334, 20.317461013794173]], [[73.1156616210938, 20.304040908813477], [73.116508483887, 20.312709808349666], [73.12195587158209, 20.332878112793026], [73.1156616210938, 20.304040908813477]], [[73.12145996093778, 20.33642959594738], [73.11801147460949, 20.342870712280273], [73.12195587158209, 20.332878112793026], [73.12145996093778, 20.33642959594738]], [[73.11638641357439, 20.347160339355696], [73.11425018310541, 20.352790832519474], [73.11801147460949, 20.342870712280273], [73.11638641357439, 20.347160339355696]], [[73.10737609863276, 20.360710144043196], [73.10737609863276, 20.360710144043026], [73.11138153076166, 20.356098175048942], [73.10737609863276, 20.360710144043196]], [[73.08273315429716, 20.329120635986385], [73.08273315429699, 20.329120635986385], [73.0862884521485, 20.32611083984375], [73.08273315429716, 20.329120635986385]], [[73.04197692871094, 20.290229797363224], [73.04197692871097, 20.290229797363235], [73.03726959228521, 20.290599822998104], [73.04197692871094, 20.290229797363224]], [[73.0297927856447, 20.292261123657454], [73.02651977539064, 20.294120788574443], [73.03726959228521, 20.290599822998104], [73.0297927856447, 20.292261123657454]], [[73.0269622802735, 20.303800582885824], [73.02226257324247, 20.315851211548022], [73.0198364257812, 20.31739807128912], [73.0269622802735, 20.303800582885824]], [[73.02103272592771, 20.291665638330326], [73.01048278808588, 20.29236984252958], [73.00357055664081, 20.29314041137706], [73.02103272592771, 20.291665638330326]], [[72.97448730468767, 20.271780014038313], [72.9744873046875, 20.271780014038143], [72.98005676269537, 20.270750045776367], [72.97448730468767, 20.271780014038313]], [[72.95749664306658, 20.287700653076172], [72.95078277587885, 20.29202079772955], [72.96977996826178, 20.27474021911621], [72.95749664306658, 20.287700653076172]], [[72.9459762573245, 20.29343032836914], [72.94597625732442, 20.293430328369116], [72.95078277587885, 20.29202079772955], [72.9459762573245, 20.29343032836914]], [[72.93033599853544, 20.283979415893782], [72.93033599853527, 20.28397941589361], [72.93811035156256, 20.288009643554744], [72.93033599853544, 20.283979415893782]], [[72.84253692626959, 20.399200439453125], [72.83235931396484, 20.370689392089957], [72.83168518886467, 20.369412299538883], [72.83235931396501, 20.370689392089957], [72.84253692626959, 20.399200439453125]], [[72.87293243408232, 20.395740509033487], [72.86947631835949, 20.403991699218807], [72.87445831298857, 20.39346122741722], [72.87293243408232, 20.395740509033487]], [[72.8620223999024, 20.41046905517601], [72.8620223999024, 20.410469055175838], [72.86892700195341, 20.405929565429744], [72.8620223999024, 20.41046905517601]], [[72.84403228759783, 20.415718078613224], [72.84059906005876, 20.41768074035639], [72.84162139892584, 20.41708946228033], [72.84403228759783, 20.415718078613224]], [[72.84059906005876, 20.41768074035639], [72.83705902099638, 20.422330856323356], [72.83657073974628, 20.428390502929798], [72.84059906005876, 20.41768074035639]], [[70.9388961791995, 20.73648834228544], [70.92965698242193, 20.731920242309798], [70.9485473632813, 20.733741760253906], [70.9388961791995, 20.73648834228544]], [[70.67677307128912, 20.76864051818842], [70.67842102050793, 20.76638031005872], [70.67842102050798, 20.76638031005882], [70.67677307128912, 20.76864051818842]], [[70.67758941650419, 20.809431076050032], [70.67632293701189, 20.818820953369254], [70.68196868896513, 20.801111221313477], [70.67758941650419, 20.809431076050032]], [[70.70273590087919, 20.895009994507006], [70.70293789896522, 20.895215988159578], [70.6941680908206, 20.88296127319336], [70.70273590087919, 20.895009994507006]], [[70.72187805175798, 20.944158554077433], [70.73072052001959, 20.960140228271598], [70.72024675234506, 20.93944549560581], [70.72187805175798, 20.944158554077433]], [[75.37993621826183, 12.126391410827694], [75.379936218262, 12.126391410827694], [75.38228607177734, 12.129120826721191], [75.37993621826183, 12.126391410827694]], [[75.33988189697294, 12.098251342773494], [75.35193634033232, 12.10885143280035], [75.33988189697278, 12.09825134277351], [75.33988189697294, 12.098251342773494]], [[75.30964660644548, 12.090630531311092], [75.30964660644548, 12.090630531311263], [75.30906677246111, 12.102661132812557], [75.30964660644548, 12.090630531311092]], [[75.3006668090822, 12.058020591735897], [75.29617309570322, 12.059241294860998], [75.29617309570318, 12.05924129486084], [75.3006668090822, 12.058020591735897]], [[75.22492218017572, 12.031949996948413], [75.22492218017575, 12.03194999694838], [75.22735595703153, 12.044301033019963], [75.22492218017572, 12.031949996948413]], [[75.22424316406256, 12.074380874633789], [75.22313690185553, 12.064441680908487], [75.22313690185553, 12.064441680908372], [75.22424316406256, 12.074380874633789]], [[75.22225952148438, 12.078150749206827], [75.22225952148438, 12.078150749206818], [75.22226468734961, 12.078343947599402], [75.22225952148438, 12.078150749206827]], [[75.22306060791033, 12.104840278625545], [75.22306060791033, 12.104840278625716], [75.22113037109393, 12.100951194763322], [75.22306060791033, 12.104840278625545]], [[75.24344635009783, 12.104670524597282], [75.24344635009783, 12.104670524597452], [75.240531921387, 12.109260559082031], [75.24344635009783, 12.104670524597282]], [[75.25985717773455, 12.108930587768668], [75.25985717773455, 12.108930587768839], [75.25588989257818, 12.10857963562023], [75.25985717773455, 12.108930587768668]], [[75.27452850341797, 12.100260734558162], [75.27452850341805, 12.1002607345582], [75.26602172851568, 12.103660583496207], [75.27452850341797, 12.100260734558162]], [[75.31067657470707, 12.124732017517308], [75.29857976601427, 12.11892263724534], [75.31067657470709, 12.124732017517147], [75.31067657470707, 12.124732017517308]], [[75.3142929077149, 12.140099525451774], [75.3142929077149, 12.140099525451944], [75.31115722656267, 12.13646030426031], [75.3142929077149, 12.140099525451774]], [[75.3251571655274, 12.144890785217399], [75.34194946289068, 12.13718032836914], [75.34616088867193, 12.13861179351801], [75.34194946289068, 12.137180328369311], [75.3352279663086, 12.144001960754679], [75.33112335205107, 12.145151138305835], [75.3251571655274, 12.144890785217399]], [[75.37149047851568, 12.142629623413143], [75.37201690673845, 12.146470069885254], [75.37149047851568, 12.142629623413313], [75.36826324462896, 12.140078544616927], [75.36669158935564, 12.135379791259822], [75.37149047851568, 12.142629623413143]], [[75.37460327148466, 12.149080276489371], [75.37838745117193, 12.146030426025447], [75.37201690673845, 12.146470069885254], [75.37460327148466, 12.149080276489371]], [[75.39392852783203, 12.145481109619197], [75.3939285278322, 12.145481109619197], [75.38852691650419, 12.146291732788143], [75.39392852783203, 12.145481109619197]], [[74.2893676757812, 15.026561737060831], [74.28906250000006, 15.030121803283805], [74.28978729248064, 15.021611213684139], [74.2893676757812, 15.026561737060831]], [[74.27641296386736, 15.009640693664664], [74.28186035156256, 15.015571594238338], [74.27362514038893, 15.005279774467256], [74.27641296386736, 15.009640693664664]], [[74.27291107177746, 15.001461029052734], [74.27291107177763, 15.001461029052734], [74.27184295654321, 15.002491950988931], [74.27291107177746, 15.001461029052734]], [[74.2712631225586, 14.99774169921875], [74.27126312255876, 14.99774169921875], [74.27102661132841, 14.998807907104435], [74.2712631225586, 14.99774169921875]], [[74.27082945760098, 14.970821123759057], [74.2701187133789, 14.966641426086492], [74.27011871337908, 14.966641426086483], [74.27082945760098, 14.970821123759057]], [[74.24639892578153, 14.958661079406795], [74.25100708007841, 14.960820198059025], [74.24386596679693, 14.957489967346135], [74.24639892578153, 14.958661079406795]], [[74.16609954834013, 14.939441680908146], [74.169662475586, 14.942180633544922], [74.16596221923822, 14.936760902404785], [74.16609954834013, 14.939441680908146]], [[74.17735290527372, 14.913200378418082], [74.17516326904314, 14.916151046752987], [74.17539215087896, 14.908919334411678], [74.17735290527372, 14.913200378418082]], [[74.13622283935547, 14.919660568237248], [74.13622283935564, 14.919660568237248], [74.13939666748064, 14.920460700988741], [74.13622283935547, 14.919660568237248]], [[73.69185638427734, 15.726909637451229], [73.70265960693354, 15.724910736084155], [73.69734191894548, 15.726230621337834], [73.69185638427734, 15.726909637451229]], [[73.71098327636724, 15.720230102539062], [73.7185668945313, 15.721619606018066], [73.70658874511724, 15.72173023223877], [73.71098327636724, 15.720230102539062]], [[73.1837997436524, 20.052299499511776], [73.18144226074232, 20.05162048339842], [73.18144226074236, 20.05162048339838], [73.1837997436524, 20.052299499511776]], [[73.13140106201183, 20.079429626464957], [73.131401062012, 20.079429626464957], [73.13669586181652, 20.085250854492188], [73.13140106201183, 20.079429626464957]], [[73.1261215209961, 20.07809066772461], [73.1231307983399, 20.077939987182617], [73.12773895263683, 20.07816123962408], [73.1261215209961, 20.07809066772461]], [[73.10794067382824, 20.087320327758725], [73.10794067382824, 20.087320327758732], [73.10517120361334, 20.087219238281307], [73.10794067382824, 20.087320327758725]], [[73.06063842773463, 20.099060058593835], [73.06063842773449, 20.099060058593864], [73.05799102783203, 20.0967311859132], [73.06063842773463, 20.099060058593835]], [[73.05921173095709, 20.06793022155773], [73.05281066894558, 20.06767082214362], [73.0528106689456, 20.06767082214361], [73.05921173095709, 20.06793022155773]], [[73.00875854492199, 20.137010574340877], [73.00875854492216, 20.137010574340877], [73.01051330566406, 20.140222549438477], [73.00875854492199, 20.137010574340877]], [[73.00778198242199, 20.126390457153434], [73.00431060791021, 20.117919921875057], [73.00771331787115, 20.1294002532959], [73.00778198242199, 20.126390457153434]], [[72.98596191406256, 20.157529830932845], [72.9732284545899, 20.130800247192496], [72.98597644944708, 20.157804489136026], [72.98596191406256, 20.157529830932845]], [[80.07276153564459, 13.533921241760481], [80.07276153564459, 13.53392124176031], [80.07582092285168, 13.526760101318416], [80.07276153564459, 13.533921241760481]], [[80.07627868652344, 13.526120185851994], [80.07627868652354, 13.526120185852095], [80.07582092285168, 13.526760101318416], [80.07627868652344, 13.526120185851994]], [[80.09377288818388, 13.513560295105208], [80.09377288818388, 13.513560295105037], [80.09565734863293, 13.509840011596907], [80.09377288818388, 13.513560295105208]], [[80.10691070556652, 13.503941535949991], [80.10035705566406, 13.505200386047363], [80.1208114624024, 13.502360343933162], [80.10691070556652, 13.503941535949991]], [[80.1354064941408, 13.493090629577807], [80.13540649414062, 13.493090629577637], [80.1354598999024, 13.492180824280013], [80.1354064941408, 13.493090629577807]], [[80.14742279052751, 13.482821464538574], [80.14742279052734, 13.482821464538574], [80.1506576538086, 13.479981422424373], [80.14742279052751, 13.482821464538574]], [[80.15416717529303, 13.478941917419661], [80.15416717529303, 13.47894191741949], [80.15650177001964, 13.478889465331974], [80.15416717529303, 13.478941917419661]], [[80.15837860107428, 13.478322029113826], [80.1631469726563, 13.47755241394043], [80.15650177001964, 13.478889465331974], [80.15837860107428, 13.478322029113826]], [[79.79972839355486, 11.964289665222282], [79.79972839355486, 11.964289665222452], [79.7979125976563, 11.963521957397461], [79.79972839355486, 11.964289665222282]], [[79.79165649414091, 11.94774055480957], [79.79165649414091, 11.94774055480974], [79.79030609130888, 11.942550659179688], [79.79165649414091, 11.94774055480957]], [[79.77575683593756, 11.946010589599723], [79.7833328247072, 11.943730354309366], [79.778793334961, 11.946400642395304], [79.77575683593756, 11.946010589599723]], [[79.77181243896513, 11.946400642395133], [79.77181243896513, 11.946400642395304], [79.76937866210938, 11.941451072693098], [79.77181243896513, 11.946400642395133]], [[79.76544952392584, 11.939160346985147], [79.76420593261747, 11.934590339660758], [79.76937866210938, 11.941451072693098], [79.76544952392584, 11.939160346985147]], [[79.74083709716803, 11.90945053100586], [79.74083709716803, 11.90945053100603], [79.74053955078153, 11.907160758972168], [79.74083709716803, 11.90945053100586]], [[79.71449279785175, 11.955250740051433], [79.71449279785173, 11.95525074005127], [79.73361206054693, 11.947210311889762], [79.71449279785175, 11.955250740051433]], [[79.7271118164063, 11.979969978332633], [79.7271118164063, 11.979969978332804], [79.72493743896484, 11.977901458740178], [79.7271118164063, 11.979969978332633]], [[79.7058486938476, 11.97737026214611], [79.71259307861328, 11.975630760192985], [79.71695709228533, 11.97544193267828], [79.7058486938476, 11.97737026214611]], [[79.66326141357433, 12.006381034851131], [79.66326141357433, 12.006381034851302], [79.65930938720697, 11.996891021728743], [79.66326141357433, 12.006381034851131]], [[79.82491302490251, 10.9847993850708], [79.82441711425787, 10.979491233825854], [79.82441711425788, 10.97949123382585], [79.82491302490251, 10.9847993850708]], [[79.79036712646501, 10.978531837463493], [79.79036712646484, 10.978531837463493], [79.78962707519548, 10.973381042480582], [79.79036712646501, 10.978531837463493]], [[79.7870559692384, 10.96979999542259], [79.78558527835094, 10.968802577179133], [79.78962707519548, 10.973381042480582], [79.7870559692384, 10.96979999542259]], [[79.77435302734392, 10.97724246978754], [79.77392578125028, 10.97101116180437], [79.7739257812503, 10.971011161804359], [79.77435302734392, 10.97724246978754]], [[79.7526016235353, 10.979891777038643], [79.75260162353533, 10.979891777038631], [79.76051330566412, 10.98058128356945], [79.7526016235353, 10.979891777038643]], [[79.72986602783232, 10.981350898742676], [79.73163604736345, 10.975291252136458], [79.72986602783233, 10.981350898742809], [79.72986602783232, 10.981350898742676]], [[79.73015594482428, 10.9710111618042], [79.73818969726568, 10.969319343566838], [79.73015594482433, 10.971011161804357], [79.73015594482428, 10.9710111618042]], [[79.74381256103497, 10.96701145172122], [79.7438125610351, 10.967011451721419], [79.73951721191412, 10.966090202331543], [79.74381256103497, 10.96701145172122]], [[79.7445602416995, 10.954470634460677], [79.7445602416995, 10.954470634460506], [79.7457275390625, 10.94929027557373], [79.7445602416995, 10.954470634460677]], [[79.70365142822271, 10.951861381530875], [79.70391845703153, 10.947610855102766], [79.70365142822273, 10.951861381530875], [79.70365142822271, 10.951861381530875]], [[79.7191925048831, 10.94054126739519], [79.7191925048831, 10.94054126739502], [79.72122955322271, 10.935310363769531], [79.7191925048831, 10.94054126739519]], [[79.70847320556669, 10.926711082458496], [79.70847320556652, 10.926711082458496], [79.70767211914068, 10.923411369323958], [79.70847320556669, 10.926711082458496]], [[79.70848083496116, 10.921160697937294], [79.70848083496122, 10.921160697937296], [79.70767211914068, 10.923411369323958], [79.70848083496116, 10.921160697937294]], [[79.70922851562511, 10.913200378418196], [79.70922851562511, 10.913200378418026], [79.72083282470709, 10.910701751709098], [79.70922851562511, 10.913200378418196]], [[79.72119140625006, 10.905200004577807], [79.72119140625006, 10.905200004577637], [79.72389984130865, 10.908021926879826], [79.72119140625006, 10.905200004577807]], [[79.725570678711, 10.90358924865734], [79.72838592529314, 10.902290344238281], [79.72557067871101, 10.903589248657504], [79.725570678711, 10.90358924865734]], [[79.72688293457048, 10.897451400756836], [79.7429809570313, 10.899360656738395], [79.72688293457054, 10.897451400757014], [79.72688293457048, 10.897451400756836]], [[79.74919891357439, 10.889419555664347], [79.74919891357439, 10.889419555664176], [79.7541580200197, 10.886659622192326], [79.74919891357439, 10.889419555664347]], [[79.76122283935564, 10.891429901123331], [79.76122283935564, 10.89142990112316], [79.77317047119169, 10.889560699462834], [79.76122283935564, 10.891429901123331]], [[79.77562713623075, 10.87578105926525], [79.76698303222665, 10.87276172637968], [79.76698303222662, 10.872761726379508], [79.77247619628923, 10.873251914978027], [79.77562713623075, 10.87578105926525]], [[79.78026580810564, 10.871310234069881], [79.78486633300798, 10.87355041503929], [79.77562713623075, 10.87578105926525], [79.78026580810564, 10.871310234069881]], [[79.80745697021496, 10.852690696716309], [79.7972717285158, 10.858091354370401], [79.78956604003935, 10.861750602722168], [79.80745697021496, 10.852690696716309]], [[79.79113006591814, 10.845701217651651], [79.79113006591797, 10.84570121765148], [79.79313659667974, 10.83949089050293], [79.79113006591814, 10.845701217651651]], [[79.79667663574236, 10.835891723632812], [79.80307006835949, 10.83368968963623], [79.79313659667974, 10.83949089050293], [79.79667663574236, 10.835891723632812]], [[79.8132629394533, 10.828740119934025], [79.81204223632841, 10.8328218460083], [79.81204223632825, 10.832821846008244], [79.8132629394533, 10.828740119934025]], [[79.81167602539091, 10.81576919555664], [79.8133392333985, 10.814081192016658], [79.81167602539098, 10.815769195556737], [79.81167602539091, 10.81576919555664]], [[75.32805633544933, 12.49177074432373], [75.32064056396513, 12.491250991821346], [75.32805633544938, 12.491770744323722], [75.32805633544933, 12.49177074432373]], [[75.3367614746095, 12.45778179168715], [75.34053039550798, 12.464631080627441], [75.33676147460943, 12.457781791687182], [75.3367614746095, 12.45778179168715]], [[75.37055206298834, 12.480990409851358], [75.37055206298834, 12.480990409851188], [75.37300109863287, 12.47716140747093], [75.37055206298834, 12.480990409851358]], [[75.40908050537115, 12.449850082397461], [75.40908050537115, 12.449850082397631], [75.40349578857439, 12.447568893432617], [75.40908050537115, 12.449850082397461]], [[75.3858261108399, 12.450700759887695], [75.3858261108399, 12.450700759887866], [75.36662292480497, 12.45166015625], [75.3858261108399, 12.450700759887695]], [[75.4100570678712, 12.3413410186769], [75.41427612304716, 12.343930244445914], [75.41005706787115, 12.341341018677042], [75.4100570678712, 12.3413410186769]], [[75.51850128173854, 12.230600357055806], [75.51994323730497, 12.233171463012752], [75.51850128173845, 12.230600357055835], [75.51850128173854, 12.230600357055806]], [[75.53688049316412, 12.203521728515682], [75.53688049316412, 12.203521728515852], [75.5329895019533, 12.199090957641715], [75.53688049316412, 12.203521728515682]], [[75.59471893310575, 12.14535999298107], [75.59317779541027, 12.142959594726685], [75.59317779541044, 12.142959594726676], [75.59471893310575, 12.14535999298107]], [[75.6170883178711, 12.148932456970215], [75.61508347156408, 12.14786647197869], [75.6170883178712, 12.148932456970176], [75.6170883178711, 12.148932456970215]], [[75.70159912109392, 12.100331306457633], [75.7015991210939, 12.100331306457637], [75.70033264160162, 12.088030815124739], [75.70159912109392, 12.100331306457633]], [[76.8177032470706, 30.69062995910656], [76.81770324707043, 30.69062995910656], [76.81980895996098, 30.68582916259792], [76.8177032470706, 30.69062995910656]], [[76.82480621337885, 30.73081970214855], [76.83629608154314, 30.714269638061694], [76.8343811035158, 30.724399566650447], [76.82480621337885, 30.73081970214855]], [[76.82274627685564, 30.740081787109375], [76.82818603515636, 30.763790130615234], [76.82480621337885, 30.73081970214855], [76.82274627685564, 30.740081787109375]], [[76.82818603515636, 30.763790130615234], [76.8014526367188, 30.762769699096907], [76.79313659667963, 30.766519546508903], [76.8014526367188, 30.762769699096737], [76.82818603515636, 30.763790130615234]], [[76.79136657714862, 30.76950073242198], [76.79136657714855, 30.769500732421932], [76.79313659667963, 30.766519546508903], [76.79136657714862, 30.76950073242198]], [[77.3266830444336, 28.50345039367687], [77.3148803710938, 28.494569778442383], [77.32898712158209, 28.50831985473627], [77.3266830444336, 28.50345039367687]], [[77.26010131835955, 28.48842811584484], [77.26010131835938, 28.48842811584484], [77.25396728515625, 28.48554039001465], [77.26010131835955, 28.48842811584484]], [[77.22643280029308, 28.460260391235522], [77.22643280029308, 28.46026039123535], [77.24327850341791, 28.447490692138672], [77.22643280029308, 28.460260391235522]], [[77.2443008422852, 28.44166946411146], [77.24430084228521, 28.441669464111555], [77.24327850341791, 28.447490692138672], [77.2443008422852, 28.44166946411146]], [[77.05696105957048, 28.513860702514762], [77.06746673583984, 28.520650863647518], [77.05696105957034, 28.513860702514783], [77.05696105957048, 28.513860702514762]], [[77.0002059936524, 28.54199981689453], [77.00499725341808, 28.528739929199446], [76.99820709228533, 28.532150268554744], [77.0002059936524, 28.54199981689453]], [[76.94462585449236, 28.513629913330192], [76.96846771240234, 28.527580261230526], [76.94462585449223, 28.513629913330217], [76.94462585449236, 28.513629913330192]], [[76.89372253417969, 28.516141891479606], [76.8974533081057, 28.517770767212], [76.89745330810558, 28.517770767212028], [76.89372253417969, 28.516141891479606]], [[76.85022735595706, 28.590118408203136], [76.83502960205084, 28.591400146484375], [76.85022735595703, 28.590118408203125], [76.85022735595706, 28.590118408203136]], [[76.90400695800798, 28.637939453125], [76.90400695800798, 28.637939453124996], [76.91034698486334, 28.637830734253043], [76.90400695800798, 28.637939453125]], [[76.92366027832031, 28.628650665283317], [76.92366027832044, 28.62865066528335], [76.91034698486334, 28.637830734253043], [76.92366027832031, 28.628650665283317]], [[76.92597961425787, 28.629249572753963], [76.92597961425787, 28.629249572754134], [76.92413627275465, 28.628773578319798], [76.92597961425787, 28.629249572753963]], [[76.92310333251959, 28.66921043396013], [76.92310333251959, 28.66921043395996], [76.92681618652547, 28.672127523801844], [76.92310333251959, 28.66921043396013]], [[76.94230651855469, 28.820680618286417], [76.94230651855469, 28.820680618286246], [76.94822692871094, 28.817661285400504], [76.94230651855469, 28.820680618286417]], [[76.96083068847663, 28.831670761108295], [76.97368621826178, 28.82583045959484], [76.97955322265625, 28.836700439453125], [76.96083068847663, 28.831670761108295]], [[77.00662994384776, 28.835260391235366], [76.98972320556646, 28.83916091918968], [76.98349761962885, 28.839080810546932], [76.98972320556646, 28.83916091918951], [77.00662994384776, 28.835260391235366]], [[77.01880645751953, 28.837062835693416], [77.0188064575197, 28.837062835693587], [77.00843238830589, 28.835527200447927], [77.01880645751953, 28.837062835693416]], [[77.06565856933605, 28.873001098632873], [77.04975891113287, 28.873189926147575], [77.06565856933605, 28.87300109863287], [77.06565856933605, 28.873001098632873]], [[77.07585144042986, 28.884511947631836], [77.07585144042974, 28.88451194763175], [77.08335113525396, 28.87461853027355], [77.07585144042986, 28.884511947631836]], [[77.10713195800798, 28.868450164794922], [77.10713195800781, 28.868450164794922], [77.10970306396496, 28.86613273620617], [77.10713195800798, 28.868450164794922]], [[77.1350860595706, 28.858489990234432], [77.13508605957043, 28.858489990234432], [77.13558959960943, 28.852689743041992], [77.1350860595706, 28.858489990234432]], [[76.74503326416027, 30.69045829772955], [76.73847961425787, 30.68915176391613], [76.74503326416031, 30.690458297729524], [76.74503326416027, 30.69045829772955]], [[76.72749328613297, 30.695659637451314], [76.7274932861331, 30.695659637451286], [76.72933197021507, 30.69680465777118], [76.72749328613297, 30.695659637451314]], [[76.69545745849629, 30.744092941284254], [76.69545745849638, 30.744092941284237], [76.69645064128784, 30.744297573434235], [76.69545745849629, 30.744092941284254]], [[76.6933212280274, 30.75266075134283], [76.69332122802739, 30.752660751342972], [76.69215993038519, 30.750020980835245], [76.6933212280274, 30.75266075134283]], [[76.71832275390636, 30.769092559814567], [76.70786285400419, 30.770109176635685], [76.70786285400416, 30.77010917663567], [76.71832275390636, 30.769092559814567]], [[76.73922729492188, 30.786079406738338], [76.73922729492183, 30.78607940673848], [76.73515319824213, 30.783000946045036], [76.73922729492188, 30.786079406738338]], [[76.74298858642578, 30.791482925415266], [76.739990234375, 30.791080474853516], [76.74575042724615, 30.794637680053768], [76.74298858642578, 30.791482925415266]], [[76.7676010131836, 30.79511833190918], [76.75933837890653, 30.799039840698356], [76.75933837890642, 30.799039840698327], [76.7676010131836, 30.79511833190918]], [[76.77334594726562, 30.787900924682617], [76.77732849121094, 30.785459518432845], [76.7676010131836, 30.79511833190918], [76.77334594726562, 30.787900924682617]], [[76.77556610107433, 30.77605056762701], [76.78093719482416, 30.773870468139762], [76.769302368164, 30.77697944641119], [76.77556610107433, 30.77605056762701]], [[76.79776763916033, 30.78527069091814], [76.796127319336, 30.785770416259822], [76.80216979980469, 30.781829833984375], [76.79776763916033, 30.78527069091814]], [[76.80387878417969, 30.779020309448356], [76.80345153808594, 30.77760124206543], [76.80216979980469, 30.781829833984375], [76.80387878417969, 30.779020309448356]], [[89.75089263916044, 26.306240081787223], [89.75914001464861, 26.292591094970703], [89.75166320800776, 26.322160720825252], [89.75089263916044, 26.306240081787223]], [[89.7198028564456, 26.29863166809099], [89.71980285644563, 26.29863166809092], [89.7227630615235, 26.307550430297965], [89.7198028564456, 26.29863166809099]], [[89.71544647216797, 26.29702949523937], [89.72109222412121, 26.28816986084007], [89.71568298339844, 26.301980972290096], [89.71544647216797, 26.29702949523937]], [[89.70099639892578, 26.25918960571289], [89.70099639892578, 26.25918960571306], [89.70067596435553, 26.260841369628906], [89.70099639892578, 26.25918960571289]], [[89.71652221679699, 26.252338409423828], [89.71652221679716, 26.252338409423828], [89.71642303466814, 26.255260467529354], [89.71652221679699, 26.252338409423828]], [[89.71572113037115, 26.246379852295036], [89.71502685546906, 26.24897193908709], [89.71502685546903, 26.248971939087028], [89.71572113037115, 26.246379852295036]], [[89.71022796630871, 26.219141006469727], [89.71022796630888, 26.219141006469727], [89.71170806884771, 26.227741241455078], [89.71022796630871, 26.219141006469727]], [[89.70307922363298, 26.213291168212947], [89.71549987792974, 26.21478080749506], [89.69754791259783, 26.215942382812614], [89.70307922363298, 26.213291168212947]], [[89.73127746582031, 26.214910507202205], [89.73127746582048, 26.214910507202205], [89.72438049316435, 26.2172908782959], [89.73127746582031, 26.214910507202205]], [[89.71163177490234, 26.20319938659668], [89.7174758911134, 26.200120925903377], [89.71810150146477, 26.19679832458519], [89.71163177490234, 26.20319938659668]], [[89.7002029418947, 26.184829711914176], [89.7002029418947, 26.184829711914347], [89.69483947753906, 26.18907165527338], [89.7002029418947, 26.184829711914176]], [[89.71161651611322, 26.17350959777832], [89.71161651611322, 26.17350959777849], [89.70652008056658, 26.173130035400504], [89.71161651611322, 26.17350959777832]], [[89.73375701904297, 26.173370361328182], [89.73375701904314, 26.173370361328182], [89.73417663574236, 26.174989700317496], [89.73375701904297, 26.173370361328182]], [[87.09291839599616, 21.874202728271523], [87.0946426391602, 21.86034011840843], [87.09464263916021, 21.86034011840843], [87.09291839599616, 21.874202728271523]], [[87.09314727783214, 21.88986968994152], [87.09612274169939, 21.886249542236328], [87.08941650390642, 21.89240074157715], [87.09314727783214, 21.88986968994152]], [[87.08876800537121, 21.89812088012718], [87.08853912353521, 21.895072937011662], [87.09101867675787, 21.899230957031364], [87.08876800537121, 21.89812088012718]], [[87.09353637695341, 21.907899856567326], [87.09557402976006, 21.908942571802783], [87.09101867675787, 21.899230957031364], [87.09353637695341, 21.907899856567326]], [[87.101806640625, 21.916080474853572], [87.10024506945541, 21.912541795779184], [87.10468292236345, 21.917819976806754], [87.101806640625, 21.916080474853572]], [[87.159896850586, 21.933929443359656], [87.159896850586, 21.93392944335966], [87.15976715087885, 21.949081420898438], [87.159896850586, 21.933929443359656]], [[87.2029113769533, 21.956439971923828], [87.20957183837895, 21.957370758056623], [87.2095718383789, 21.95737075805664], [87.2029113769533, 21.956439971923828]], [[87.22323608398449, 21.95323181152338], [87.22119140624994, 21.953210830688533], [87.22440338134794, 21.954019546508903], [87.22323608398449, 21.95323181152338]], [[87.232231140137, 21.940361022949276], [87.23500061035162, 21.952989578247127], [87.2350006103516, 21.952989578247262], [87.23232269287115, 21.94646263122587], [87.232231140137, 21.940361022949276]], [[87.24900054931669, 21.863800048828292], [87.24475097656256, 21.856370925903434], [87.24900054931669, 21.863800048828125], [87.24900054931669, 21.863800048828292]], [[87.26357269287126, 21.827199935913143], [87.26357269287125, 21.827199935913157], [87.26346588134773, 21.82501983642606], [87.26357269287126, 21.827199935913143]], [[87.2632675170899, 21.81604194641119], [87.267807006836, 21.819709777832145], [87.26242065429705, 21.81385993957514], [87.2632675170899, 21.81604194641119]], [[87.27165222167974, 21.804719924926758], [87.27314758300787, 21.80579948425293], [87.271646283124, 21.804634310748234], [87.27165222167974, 21.804719924926758]], [[87.27156066894548, 21.80340003967287], [87.27156066894548, 21.80340003967285], [87.27333831787115, 21.80360031127924], [87.27156066894548, 21.80340003967287]], [[87.32618713378912, 21.785640716552848], [87.33011627197278, 21.78770256042478], [87.33011627197266, 21.787702560424805], [87.32618713378912, 21.785640716552848]], [[87.33573150634768, 21.781211853027482], [87.335440670928, 21.780777895966825], [87.33573150634771, 21.781211853027344], [87.33573150634768, 21.781211853027482]], [[87.45137023925808, 21.732410430908487], [87.4444198608399, 21.73248100280773], [87.4513702392581, 21.732410430908317], [87.45137023925808, 21.732410430908487]], [[87.46605682373072, 21.725191116333043], [87.46573638916033, 21.72357749938965], [87.46605682373075, 21.725191116333008], [87.46605682373072, 21.725191116333043]], [[87.47083282470729, 21.707180023193445], [87.469291687012, 21.69845008850109], [87.47083282470732, 21.707180023193416], [87.47083282470729, 21.707180023193445]], [[87.46826171875006, 21.67727088928234], [87.46969604492216, 21.69160079956066], [87.46969604492213, 21.6916007995607], [87.46839141845703, 21.6837806701663], [87.46826171875006, 21.67727088928234]], [[87.46041870117205, 21.657129287719727], [87.45864868164057, 21.644939422607592], [87.4586486816406, 21.64493942260759], [87.46041870117205, 21.657129287719727]], [[88.23044586181646, 26.393960952758903], [88.22924804687517, 26.38985061645525], [88.2292480468752, 26.389850616455185], [88.23044586181646, 26.393960952758903]], [[88.29191589355473, 26.353910446167152], [88.28913879394548, 26.351139068603516], [88.2919158935548, 26.35391044616705], [88.29191589355473, 26.353910446167152]], [[88.28170013427747, 26.339809417724823], [88.27626037597662, 26.332492828369197], [88.27955627441435, 26.33553123474121], [88.28170013427747, 26.339809417724823]], [[88.26859283447271, 26.33700942993164], [88.269760131836, 26.332689285278377], [88.26526641845697, 26.336490631103516], [88.26859283447271, 26.33700942993164]], [[88.22458648681652, 26.28940010070812], [88.22677612304705, 26.296649932861385], [88.22101593017572, 26.288219451904297], [88.22458648681652, 26.28940010070812]], [[88.21115875244158, 26.280000686645565], [88.21425628662115, 26.28168106079096], [88.20410156250017, 26.279590606689396], [88.21115875244158, 26.280000686645565]], [[88.16706085205078, 26.257200241088924], [88.17690277099621, 26.26172828674322], [88.16311645507818, 26.257530212402457], [88.16706085205078, 26.257200241088924]], [[88.14444732666021, 26.25279998779314], [88.14444732666021, 26.25279998779297], [88.15882873535185, 26.256910324096793], [88.14444732666021, 26.25279998779314]], [[88.12560272216808, 26.2278995513916], [88.12612915039068, 26.226919174194393], [88.11995697021501, 26.227949142455998], [88.12560272216808, 26.2278995513916]], [[88.108383178711, 26.21705055236822], [88.11601257324224, 26.222980499267578], [88.10572814941412, 26.216400146484375], [88.108383178711, 26.21705055236822]], [[88.09718322753933, 26.20643043518095], [88.09359741210966, 26.206539154052678], [88.09718322753918, 26.206430435180778], [88.09718322753933, 26.20643043518095]], [[88.08759307861334, 26.19797134399414], [88.08969116210943, 26.203231811523438], [88.0872421264649, 26.194440841674805], [88.08759307861334, 26.19797134399414]], [[88.08162689209001, 26.19235038757347], [88.07298278808622, 26.18539047241211], [88.0872421264649, 26.194440841674805], [88.08162689209001, 26.19235038757347]], [[88.06710052490229, 26.17762947082548], [88.06710052490229, 26.17762947082531], [88.06983184814453, 26.175718307495117], [88.06710052490229, 26.17762947082548]], [[88.02852630615263, 26.167289733887003], [88.01174163818388, 26.154790878295955], [88.01751708984375, 26.155559539795036], [88.02662658691435, 26.162799835205192], [88.02852630615263, 26.167289733886832], [88.0336303710938, 26.170289993286133], [88.02852630615263, 26.167289733887003]], [[88.01306915283219, 26.140871047973622], [88.00681304931669, 26.143289566040096], [88.01306915283214, 26.140871047973576], [88.01306915283219, 26.140871047973622]], [[87.98840332031256, 26.148611068725586], [87.9960327148438, 26.14179039001465], [87.98210906982428, 26.1591796875], [87.98840332031256, 26.148611068725586]], [[87.97097015380848, 26.137140274047972], [87.96784210205084, 26.13183021545416], [87.97097015380854, 26.13714027404791], [87.97097015380848, 26.137140274047972]], [[87.97563171386717, 26.121629714965852], [87.96935272216803, 26.109310150146484], [87.97563171386724, 26.12162971496582], [87.97563171386717, 26.121629714965852]], [[87.96935272216803, 26.109310150146484], [87.95494842529291, 26.10568237304716], [87.95440673828142, 26.102792739868164], [87.96935272216803, 26.109310150146484]], [[87.96401214599615, 26.083250045776424], [87.96813201904314, 26.081361770629826], [87.95984649658214, 26.084039688110295], [87.96401214599615, 26.083250045776424]], [[87.92253875732422, 26.07180976867687], [87.93112945556658, 26.06895065307623], [87.921859741211, 26.076871871948185], [87.92253875732422, 26.07180976867687]], [[87.91750335693371, 26.088010787963867], [87.91293334960966, 26.090972900390682], [87.91293334960957, 26.090972900390625], [87.91750335693371, 26.088010787963867]], [[87.8847198486331, 26.071519851684627], [87.8882675170899, 26.071939468383846], [87.8760604858399, 26.066190719604435], [87.8847198486331, 26.071519851684627]], [[87.8406219482422, 26.019769668579173], [87.8333358764649, 26.0010929107666], [87.84062194824224, 26.0197696685791], [87.8406219482422, 26.019769668579173]], [[87.83075714111357, 25.99216079711931], [87.82720184326189, 25.992340087890852], [87.8333358764649, 26.0010929107666], [87.83075714111357, 25.99216079711931]], [[87.82604217529314, 25.988311767578352], [87.82604217529314, 25.9883117675782], [87.82720184326189, 25.992340087890852], [87.82604217529314, 25.988311767578352]], [[87.83097839355469, 25.962230682373047], [87.82538604736357, 25.958721160888956], [87.82538604736358, 25.958721160888903], [87.83097839355469, 25.962230682373047]], [[87.8265762329101, 25.95004272460949], [87.82704925537115, 25.95358085632347], [87.82390594482416, 25.946451187133846], [87.8265762329101, 25.95004272460949]], [[87.82830810546875, 25.94111061096197], [87.82711029052763, 25.937780380249308], [87.82711029052767, 25.93778038024927], [87.82830810546875, 25.94111061096197]], [[87.82993316650388, 25.935451507568544], [87.8268127441408, 25.931850433349723], [87.82993316650396, 25.935451507568473], [87.82993316650388, 25.935451507568544]], [[87.8268127441408, 25.931850433349723], [87.81787109375, 25.933019638061808], [87.80696105957048, 25.929918289184513], [87.81787109375, 25.933019638061637], [87.82350921630888, 25.931350708007926], [87.8268127441408, 25.931850433349723]], [[88.04862976074236, 25.690570831298942], [88.05081939697267, 25.685800552368242], [88.05081939697271, 25.685800552368335], [88.04862976074236, 25.690570831298942]], [[88.04537200927751, 25.64810943603544], [88.04397583007841, 25.65258026123047], [88.04853820800793, 25.643909454345703], [88.04537200927751, 25.64810943603544]], [[88.04081726074236, 25.636119842529524], [88.03555297851568, 25.63683128356945], [88.04347991943376, 25.63207054138195], [88.04081726074236, 25.636119842529524]], [[88.03724670410162, 25.615577697753906], [88.04042816162121, 25.610460281372152], [88.04042816162126, 25.61046028137224], [88.03724670410162, 25.615577697753906]], [[88.0356521606447, 25.596981048583984], [88.03983306884756, 25.597360610961964], [88.03983306884766, 25.59736061096214], [88.0356521606447, 25.596981048583984]], [[88.03121948242217, 25.59101104736334], [88.03121948242216, 25.591011047363338], [88.03138732910185, 25.587499618530273], [88.03121948242217, 25.59101104736334]], [[88.02818298339838, 25.566310882568416], [88.03547668457048, 25.560380935669173], [88.03824615478544, 25.563880920410156], [88.03392791748064, 25.565900802612248], [88.02818298339838, 25.566310882568587], [88.02526855468761, 25.569091796875057], [88.02818298339838, 25.566310882568416]], [[88.03042602539091, 25.557548522949162], [88.02961730957037, 25.55948066711437], [88.02704620361322, 25.55327033996582], [88.03042602539091, 25.557548522949162]], [[88.04247283935575, 25.532060623169116], [88.0390930175783, 25.533189773559513], [88.04605102539068, 25.53433036804205], [88.04247283935575, 25.532060623169116]], [[88.0559768676759, 25.529930114746094], [88.05812072753932, 25.528709411621225], [88.05812072753935, 25.528709411621378], [88.0559768676759, 25.529930114746094]], [[88.06687927246122, 25.516420364379883], [88.06687927246122, 25.516420364380053], [88.05748748779305, 25.525671005249166], [88.06687927246122, 25.516420364379883]], [[88.07125854492216, 25.504880905151367], [88.07125854492216, 25.504880905151538], [88.06642913818365, 25.50503921508789], [88.07125854492216, 25.504880905151367]], [[88.06815338134771, 25.4898490905764], [88.07041168212892, 25.48050117492705], [88.07041168212896, 25.480501174927042], [88.06815338134771, 25.4898490905764]], [[84.35484313964861, 26.678880691528605], [84.35484313964844, 26.678880691528434], [84.36675262451178, 26.678810119629134], [84.35484313964861, 26.678880691528605]], [[84.32566070556658, 26.68425750732422], [84.3256607055664, 26.68425750732422], [84.33706665039091, 26.68144035339361], [84.32566070556658, 26.68425750732422]], [[84.31101989746094, 26.73360252380388], [84.31101989746094, 26.73360252380371], [84.31851196289068, 26.716230392455998], [84.31101989746094, 26.73360252380388]], [[84.27130126953142, 26.744541168213175], [84.27130126953125, 26.744541168213004], [84.27861022949224, 26.751239776611442], [84.27130126953142, 26.744541168213175]], [[84.24227905273466, 26.73077011108421], [84.25234222412121, 26.731470108032283], [84.25448608398466, 26.734268188476562], [84.24227905273466, 26.73077011108421]], [[84.2468032836915, 26.814540863037355], [84.24680328369146, 26.814540863037223], [84.25229644775396, 26.808679580688477], [84.2468032836915, 26.814540863037355]], [[84.251029968262, 26.830699920654524], [84.25041961669928, 26.837820053100813], [84.25102996826199, 26.830699920654514], [84.251029968262, 26.830699920654524]], [[84.24109649658232, 26.86243057250988], [84.24109649658214, 26.86243057250988], [84.24563598632818, 26.858722686767578], [84.24109649658232, 26.86243057250988]], [[84.22109985351591, 26.87223815917997], [84.22109985351591, 26.8722381591798], [84.22196197509771, 26.87018013000494], [84.22109985351591, 26.87223815917997]], [[84.17533111572294, 26.845939636230582], [84.17694854736334, 26.84937858581543], [84.17694854736332, 26.849378585815565], [84.17533111572294, 26.845939636230582]], [[84.17471313476574, 26.83578109741211], [84.17471313476574, 26.83578109741228], [84.1689224243164, 26.8345184326173], [84.17471313476574, 26.83578109741211]], [[84.15727996826189, 26.836360931396655], [84.15054321289057, 26.839469909668253], [84.1689224243164, 26.8345184326173], [84.15727996826189, 26.836360931396655]], [[84.1375274658206, 26.876300811767805], [84.13752746582043, 26.876300811767805], [84.1392974853515, 26.87404060363798], [84.1375274658206, 26.876300811767805]], [[84.14083862304705, 26.88758087158203], [84.14083862304688, 26.887580871581992], [84.14073944091803, 26.883911132812784], [84.14083862304705, 26.88758087158203]], [[84.09683227539068, 26.886339187622298], [84.09683227539068, 26.886339187622127], [84.09986877441423, 26.887990951538313], [84.09683227539068, 26.886339187622298]], [[84.08550262451166, 26.88524246215843], [84.08550262451166, 26.88524246215826], [84.08789062500006, 26.882352828979435], [84.08550262451166, 26.88524246215843]], [[84.0762557983399, 26.87878036499046], [84.06008911132841, 26.886461257934513], [84.05905151367205, 26.890779495239315], [84.0762557983399, 26.87878036499046]], [[84.052001953125, 26.89170074462919], [84.04898071289068, 26.89994049072277], [84.05905151367205, 26.890779495239315], [84.052001953125, 26.89170074462919]], [[84.04737854003923, 26.90621948242199], [84.04737854003912, 26.906219482421914], [84.050796508789, 26.90164947509794], [84.04737854003923, 26.90621948242199]], [[84.0476684570313, 26.931829452514876], [84.0476684570313, 26.931829452514705], [84.04924011230497, 26.914590835571516], [84.0476684570313, 26.931829452514876]], [[84.02880859375028, 26.941200256347827], [84.02880859375011, 26.941200256347827], [84.02980804443354, 26.93956947326666], [84.02880859375028, 26.941200256347827]], [[84.03909301757818, 26.95430946350126], [84.03861999511736, 26.95775985717796], [84.03909301757817, 26.954309463501232], [84.03909301757818, 26.95430946350126]], [[84.04599761962919, 26.96809005737333], [84.04599761962919, 26.96809005737316], [84.04666137695312, 26.961940765381087], [84.04599761962919, 26.96809005737333]], [[84.04250335693365, 26.981571197509993], [84.04250335693365, 26.981571197509822], [84.04345703125006, 26.980390548705998], [84.04250335693365, 26.981571197509993]], [[84.04432678222673, 26.997680664062727], [84.04432678222656, 26.997680664062557], [84.04952239990234, 26.990810394287223], [84.04432678222673, 26.997680664062727]], [[84.04516601562506, 26.999731063843], [84.04270172119146, 27.003120422363565], [84.04516601562501, 26.99973106384289], [84.04516601562506, 26.999731063843]], [[84.03125762939459, 27.046461105346907], [84.03125762939459, 27.046461105346737], [84.03563690185553, 27.046510696411133], [84.03125762939459, 27.046461105346907]], [[84.02426910400419, 27.04471969604515], [83.99489593505888, 27.061250686645735], [83.99076080322283, 27.068590164184855], [83.99489593505888, 27.061250686645565], [84.02426910400419, 27.04471969604515]], [[84.01831817626964, 27.087238311767635], [84.01831817626982, 27.087238311767805], [84.01609802246114, 27.09176063537615], [84.01831817626964, 27.087238311767635]], [[84.01162719726568, 27.10488128662132], [84.01162719726568, 27.10488128662115], [84.01422119140642, 27.100080490112532], [84.01162719726568, 27.10488128662132]], [[83.9549407958985, 27.08612060546892], [83.9549407958985, 27.08612060546875], [83.96691966740384, 27.090407603104257], [83.9549407958985, 27.08612060546892]], [[83.94409942626959, 27.087251663208292], [83.94082641601568, 27.089620590210018], [83.94777679443388, 27.08620071411127], [83.94409942626959, 27.087251663208292]], [[83.93942260742205, 27.092992782592773], [83.94034576416044, 27.1023006439209], [83.94082641601568, 27.089620590210018], [83.93942260742205, 27.092992782592773]], [[83.95079803466825, 27.139080047607422], [83.95079803466808, 27.139080047607422], [83.95363616943365, 27.131940841675032], [83.95079803466825, 27.139080047607422]], [[83.97878265380865, 27.200439453125227], [83.97878265380865, 27.200439453125057], [83.98512268066418, 27.181762695312727], [83.97878265380865, 27.200439453125227]], [[83.96376037597668, 27.225269317626953], [83.96376037597668, 27.225269317627124], [83.96153259277338, 27.227951049804744], [83.96376037597668, 27.225269317626953]], [[83.90762329101568, 27.248029708862305], [83.92531585693376, 27.242530822753906], [83.94814300537138, 27.23833084106468], [83.90762329101568, 27.248029708862305]], [[83.89795684814464, 27.25942993164074], [83.89795684814464, 27.25942993164091], [83.89549255371124, 27.268150329590036], [83.89795684814464, 27.25942993164074]], [[92.29406738281259, 24.244321823120185], [92.29406738281256, 24.244321823120117], [92.29485321044928, 24.240709304809627], [92.29406738281259, 24.244321823120185]], [[92.29627990722673, 24.236061096191634], [92.29682159423857, 24.23807907104498], [92.29631042480486, 24.233829498291016], [92.29627990722673, 24.236061096191634]], [[92.3019332885745, 24.225101470947322], [92.29763031005876, 24.227228164672795], [92.30116271972668, 24.224510192871037], [92.3019332885745, 24.225101470947322]], [[92.31273651123053, 24.21099090576189], [92.30974578857433, 24.21479988098156], [92.31608581542997, 24.213218688964957], [92.31273651123053, 24.21099090576189]], [[92.32961273193388, 24.18815040588396], [92.32884216308626, 24.189130783081293], [92.32884216308622, 24.18913078308117], [92.32961273193388, 24.18815040588396]], [[92.32704162597662, 24.186109542846793], [92.33080291748064, 24.18207168579096], [92.33040618896479, 24.18483161926298], [92.32704162597662, 24.186109542846793]], [[92.3294677734375, 24.164520263671932], [92.32946777343767, 24.164520263671932], [92.32855987548831, 24.166112899780405], [92.3294677734375, 24.164520263671932]], [[92.33683776855497, 24.146789550781477], [92.33435058593761, 24.150829315185547], [92.33631134033197, 24.144359588623047], [92.33683776855497, 24.146789550781477]], [[92.32859039306646, 24.115909576416186], [92.32824707031261, 24.124591827392635], [92.33170318603544, 24.11314010620123], [92.32859039306646, 24.115909576416186]], [[92.33188629150418, 24.11176109313981], [92.33188629150419, 24.11176109313982], [92.33170318603544, 24.11314010620123], [92.33188629150418, 24.11176109313981]], [[92.32943725585969, 24.102870941162244], [92.32943725585966, 24.102870941162223], [92.32971191406256, 24.101150512695312], [92.32943725585969, 24.102870941162244]], [[92.31909179687511, 24.06133079528837], [92.31680297851574, 24.066759109497127], [92.32174682617193, 24.058719635009766], [92.31909179687511, 24.06133079528837]], [[92.31859588623047, 24.057302474975643], [92.3203201293947, 24.051170349121094], [92.32174682617193, 24.058719635009766], [92.31859588623047, 24.057302474975643]], [[92.31542205810553, 24.04490089416504], [92.31542205810553, 24.04490089416521], [92.3152694702149, 24.048690795898438], [92.31542205810553, 24.04490089416504]], [[92.31833648681652, 24.02259063720703], [92.31833648681669, 24.02259063720703], [92.31909942626982, 24.02547073364252], [92.31669616699236, 24.027971267700195], [92.31833648681652, 24.02259063720703]], [[92.31521606445315, 23.97095108032243], [92.31498718261739, 23.972169876098746], [92.31498718261736, 23.972169876098746], [92.31521606445315, 23.97095108032243]], [[92.3114471435548, 23.96058273315442], [92.31144714355474, 23.96058273315441], [92.31262207031278, 23.957450866699332], [92.3114471435548, 23.96058273315442]], [[92.3180770874024, 23.930351257324503], [92.31340026855497, 23.934530258178825], [92.32116699218756, 23.926111221313477], [92.3180770874024, 23.930351257324503]], [[92.33114624023466, 23.9118022918704], [92.32939147949233, 23.918859481811694], [92.33114624023465, 23.911802291870295], [92.33114624023466, 23.9118022918704]], [[92.31828308105474, 23.88795852661127], [92.31952667236321, 23.8861007690431], [92.31952667236322, 23.886100769043253], [92.31828308105474, 23.88795852661127]], [[92.31655883789068, 23.88166809082054], [92.31749725341794, 23.88138008117688], [92.31749725341797, 23.881380081177042], [92.31655883789068, 23.88166809082054]], [[92.3190307617188, 23.877681732177905], [92.31710815429705, 23.879180908203182], [92.32041168212896, 23.878009796142692], [92.3190307617188, 23.877681732177905]], [[92.32213592529303, 23.873790740966925], [92.32213592529303, 23.87379074096708], [92.32041168212896, 23.878009796142692], [92.32213592529303, 23.873790740966925]], [[92.31852722167994, 23.86798095703144], [92.3185272216798, 23.867980957031364], [92.31822204589861, 23.86705017089855], [92.31852722167994, 23.86798095703144]], [[92.2758865356447, 23.839929580688533], [92.2758865356447, 23.839929580688704], [92.2739257812503, 23.841659545898708], [92.2758865356447, 23.839929580688533]], [[92.28159332275408, 23.826160430908146], [92.2820663452149, 23.8309001922608], [92.28359985351568, 23.82420158386236], [92.28159332275408, 23.826160430908146]], [[92.2857131958009, 23.82262039184593], [92.28344726562528, 23.823438644409237], [92.28678894042969, 23.81678009033203], [92.2857131958009, 23.82262039184593]], [[92.2606506347658, 23.807081222534293], [92.2606506347658, 23.807081222534464], [92.25939941406261, 23.81499099731451], [92.2606506347658, 23.807081222534293]], [[92.26711273193376, 23.76189994812023], [92.2682723999025, 23.75640106201189], [92.26827239990251, 23.756401062012003], [92.26711273193376, 23.76189994812023]], [[89.91809844970709, 25.562629699707088], [89.8863601684572, 25.55787086486839], [89.87758636474626, 25.548931121826172], [89.8863601684572, 25.55787086486822], [89.91809844970709, 25.562629699707088]], [[89.99536132812506, 25.58634948730463], [90.00212097167969, 25.5841903686524], [90.00212097167973, 25.584190368652443], [89.99536132812506, 25.58634948730463]], [[89.911376953125, 25.741569519043253], [89.89908599853544, 25.744050979614485], [89.91613769531267, 25.739191055297795], [89.911376953125, 25.741569519043253]], [[89.9445800781251, 25.824478149414123], [89.95056915283232, 25.824871063232365], [89.94458007812506, 25.82447814941429], [89.9445800781251, 25.824478149414123]], [[89.95886993408203, 25.826568603515682], [89.9679565429687, 25.826150894164982], [89.95056915283232, 25.824871063232365], [89.95886993408203, 25.826568603515682]], [[90.02076721191435, 25.861610412597827], [90.01152038574224, 25.849670410156477], [90.02191925048857, 25.865528106689453], [90.02076721191435, 25.861610412597827]], [[90.0047378540043, 25.878681182861435], [90.01525115966825, 25.88862037658697], [90.00473785400419, 25.8786811828615], [90.0047378540043, 25.878681182861435]], [[90.02126312255865, 25.89319038391119], [90.02791595458984, 25.89430999755882], [90.01525115966825, 25.88862037658697], [90.02126312255865, 25.89319038391119]], [[90.02791595458984, 25.89430999755882], [90.04209899902355, 25.890750885009822], [90.05219268798834, 25.89868927001976], [90.02791595458984, 25.89430999755882]], [[90.06761932373053, 25.916160583496264], [90.0633087158206, 25.91554832458496], [90.07242584228527, 25.91933822631836], [90.06761932373053, 25.916160583496264]], [[90.0794525146485, 25.919279098511026], [90.07797241210966, 25.91768074035656], [90.08072662353533, 25.924528121948242], [90.0794525146485, 25.919279098511026]], [[90.08738708496111, 25.92626953125], [90.09192657470732, 25.92876052856451], [90.08072662353533, 25.924528121948242], [90.08738708496111, 25.92626953125]], [[90.0961227416995, 25.939519882202262], [90.09913635253918, 25.939260482788143], [90.09913635253918, 25.939260482788157], [90.0961227416995, 25.939519882202262]], [[89.87175750732428, 25.478900909424], [89.8687133789063, 25.476360321045036], [89.87995910644537, 25.488639831543026], [89.87175750732428, 25.478900909424]], [[92.40683746337906, 24.251939773559805], [92.40683746337919, 24.251939773559798], [92.40812723867232, 24.25213963754867], [92.40683746337906, 24.251939773559805]], [[92.43814086914088, 24.169130325317543], [92.43522644042974, 24.162578582763786], [92.43814086914091, 24.16913032531744], [92.43814086914088, 24.169130325317543]], [[92.43875885009768, 24.15125083923341], [92.43875885009783, 24.1512508392334], [92.44182586669939, 24.152851104736442], [92.43875885009768, 24.15125083923341]], [[92.4835586547851, 24.153930664062443], [92.48118591308612, 24.157079696655387], [92.481185913086, 24.157079696655387], [92.4835586547851, 24.153930664062443]], [[92.48396301269548, 24.158140182495117], [92.4849014282226, 24.15930938720703], [92.48264312744158, 24.15709114074707], [92.48396301269548, 24.158140182495117]], [[92.51200103759783, 24.16481971740734], [92.50863647460943, 24.169200897217024], [92.51283264160162, 24.162578582763786], [92.51200103759783, 24.16481971740734]], [[92.51479339599621, 24.17020034790052], [92.51479339599638, 24.170200347900675], [92.5135726928711, 24.17358016967779], [92.51479339599621, 24.17020034790052]]]}}]}